"TIME","POSITION","RHO_S1","RHO_S1_DIFF","RHO_S2","RHO_S2_DIFF"
5.25,0.21,7.49159438433098,-0.256455360714849,7.964524201704,0.452865824642992
5.75,0,7.49307658948759,-0.239473929453398,7.96387706487397,0.415079397665334
6.25,0.21,7.49447034624794,-0.208307039810457,7.96328264784107,0.392339299359926
6.75,0,7.49568341868055,-0.184786516218567,7.96278806731956,0.373744891010548
7.25,0.21,7.49673124398722,-0.161841418160018,7.96240981064017,0.36483248401564
7.75,0,7.49761104406917,-0.144917768285695,7.96214174616322,0.365087447695798
8.25,0.21,7.49836677365696,-0.131988866636894,7.96204546511571,0.36728152792788
8.75,0,7.4990608844954,-0.125042859506077,7.96215611062046,0.367219887884483
9.25,0.21,7.49975131371137,-0.123132369412463,7.96243215840742,0.371487432396295
9.75,0,7.50049576497708,-0.122255186169912,7.96286339012979,0.374198204744867
10.25,0.21,7.50132695443433,-0.12104394398516,7.96340743818951,0.380991258437901
10.75,0,7.50225144159734,-0.121885781263029,7.96398613478029,0.384217072543018
11.25,0.21,7.50328998679379,-0.124422430469942,7.96452990196506,0.386141063683594
11.75,0,7.50444129607905,-0.124839779443265,7.96496189126272,0.387742068016792
12.25,0.21,7.50566602874293,-0.126564628361136,7.96521005210112,0.38396612123028
12.75,0,7.50690366597742,-0.130382882817031,7.96519565080657,0.373394931705433
13.25,0.21,7.50808494558494,-0.1333887562693,7.96488464123332,0.358573474221657
13.75,0,7.50915252523068,-0.13926594759629,7.9642807416548,0.336052997771618
14.25,-0.42,7.5100763708444,-0.145998174987435,7.96343571123936,0.307917290448557
14.75,-0.21,7.51082827524132,-0.156342835263864,7.96241751508339,0.273248724015626
15.25,-0.63,7.51139037156218,-0.16841908961834,7.96129690046084,0.233737832598279
15.75,-0.42,7.51177611623497,-0.182417459571719,7.96015603512823,0.190902731162046
16.25,-0.84,7.51202565106867,-0.196675504684727,7.95907456396481,0.14639028143469
16.75,-0.63,7.51216635335217,-0.211738697505986,7.95809844025015,0.102426390952119
17.25,-1.05,7.5122316879924,-0.227922881399352,7.95724240748947,0.0601409364784049
17.75,-0.84,7.51226614848949,-0.244208360764531,7.95650459048468,0.0204340148950414
18.25,-1.26,7.51231116771893,-0.260704697394846,7.95587218452097,-0.0146177404381721
18.75,-1.05,7.51239011579119,-0.277671476703097,7.95531251560555,-0.0456482596964213
19.25,-1.47,7.51253529825023,-0.294948841971516,7.95482044329844,-0.0722116459409721
19.75,-1.26,7.51278149811218,-0.312790740723744,7.95436560364779,-0.095157880584863
20.25,-1.68,7.51314346124067,-0.331571103139038,7.95393385733954,-0.116229967414213
20.75,-1.47,7.51362473228286,-0.349628795376787,7.95352007693924,-0.134595258420245
21.25,-1.89,7.51419749209133,-0.36679196137226,7.95310687254231,-0.151083470097876
21.75,-1.68,7.51483548381101,-0.387207433254029,7.95268865997853,-0.169952095492091
22.25,-2.1,7.51552385946016,-0.403296173627856,7.95226995247671,-0.183860304385661
22.75,-1.89,7.51625717117618,-0.416936076332524,7.95187661336258,-0.195659621595028
23.25,-2.31,7.51703031406586,-0.429410071111612,7.95152410160588,-0.206098314288705
23.75,-2.1,7.51782771995977,-0.437702151257582,7.9512108195479,-0.214001844466813
24.25,-2.52,7.51862851454867,-0.442551915835864,7.95092764375163,-0.218403351050962
24.75,-2.31,7.51943243752473,-0.443935608577134,7.95067921658111,-0.219729803668568
25.25,-2.73,7.52025347597503,-0.443884400560503,7.95048667012027,-0.221412196365467
25.75,-2.52,7.52109161412636,-0.443996543205479,7.95034648871202,-0.223843880912124
26.25,-2.94,7.52195187123517,-0.441881660474256,7.95026374563329,-0.225889067730883
26.75,-2.73,7.52286487116328,-0.439969160179141,7.95027048466996,-0.22975933631217
27.25,-3.15,7.52385852958572,-0.439272975163434,7.95040197131275,-0.236278041126301
27.75,-2.94,7.52495146219354,-0.438406140217238,7.95068524062919,-0.244664711469057
28.25,-3.36,7.52614073585854,-0.438476246828434,7.95112810672735,-0.255689230248378
28.75,-3.15,7.52742454596836,-0.438121595878174,7.95172969395995,-0.268701595377162
29.25,-3.57,7.52879199289853,-0.438776145860686,7.95247786578893,-0.283479426129462
29.75,-3.36,7.53022563519916,-0.438285483509016,7.95335002008884,-0.297862377555341
30.25,-3.78,7.53170990746028,-0.435417548278389,7.95432027537905,-0.310946330006742
30.75,-3.57,7.53323028105285,-0.431910329060704,7.95535716569159,-0.323746724847145
31.25,-3.99,7.53479679761476,-0.427797851585043,7.95645700723792,-0.335562253039403
31.75,-3.78,7.53641201097609,-0.421145995840793,7.95761441983229,-0.345211607126163
32.25,-4.2,7.53805899840462,-0.416096719469587,7.95882280548068,-0.355865888792896
32.75,-3.99,7.53972665117258,-0.412193454114986,7.96008176190887,-0.367253838174854
33.25,-4.41,7.54141889907296,-0.4108017374497,7.96140763659729,-0.380192189891887
33.75,-4.2,7.54314866852293,-0.410601948238904,7.96282689555057,-0.394195044652291
34.25,-4.62,7.54492816343113,-0.413353794047548,7.96435662038408,-0.410515058709364
34.75,-4.41,7.54675940575414,-0.41839521478027,7.96599916513427,-0.429707330563335
35.25,-4.83,7.54864972848226,-0.423278994709032,7.96775569096561,-0.447598164003924
35.75,-4.62,7.55062757877451,-0.425513649368935,7.96964714537006,-0.463249823950399
36.25,-5.04,7.55270485893599,-0.429473797612586,7.97167854366782,-0.479891453312676
36.75,-4.83,7.55486808281877,-0.432822421094782,7.97382694259046,-0.495022149775989
37.25,-5.25,7.55710912147278,-0.434442182432253,7.97607607834775,-0.507200834197705
37.75,-5.04,7.55942469033696,-0.434714259949092,7.9784209357396,-0.51627894054464
38.25,-5.46,7.56181311791443,-0.43550307132681,7.98085932679037,-0.524478637722035
38.75,-5.25,7.56426199892734,-0.435224643734324,7.98338829977311,-0.529611388180152
39.25,-5.67,7.56675311501769,-0.435065469203702,7.98600040895521,-0.534155724791154
39.75,-5.46,7.56927679861225,-0.434855923315695,7.98869309175873,-0.537763748993941
40.25,-5.88,7.57183387328749,-0.435859319312344,7.9914785430077,-0.541687773425321
40.75,-5.67,7.5744246710287,-0.435883352202729,7.99436689757052,-0.543739625667361
41.25,-6.09,7.5770502115018,-0.437667732415735,7.99736443948952,-0.547708341558491
41.75,-5.88,7.57971524459395,-0.439936256350195,8.0004749285341,-0.552026288599656
42.25,-6.3,7.58242949336767,-0.443336778571681,8.00369932456626,-0.557525449413009
42.75,-6.09,7.58521214865093,-0.443988598200982,8.00705430458998,-0.560716616870522
43.25,-6.51,7.58806257762426,-0.445562655261095,8.01053096952244,-0.56520338705339
43.75,-6.3,7.59098601071542,-0.445564006688576,8.01412662995192,-0.568053755987488
44.25,-6.72,7.59400017769172,-0.445446782889559,8.01784915548845,-0.571177602360793
44.75,-6.51,7.59711648600331,-0.441294550617894,8.0216947760336,-0.569761882604934
45.25,-6.93,7.6003283798251,-0.436053771555286,8.02564232587822,-0.566616061304543
45.75,-6.72,7.60361902689121,-0.428645087221539,8.02966240584016,-0.559782295649302
46.25,-7.14,7.60690278767666,-0.419041171967489,8.03363927817748,-0.549477883028095
46.75,-6.93,7.6100854581483,-0.408717311669138,8.03745255279009,-0.537608936865039
47.25,-7.35,7.61310173989033,-0.399282609555732,8.04102463372666,-0.525641713069796
47.75,-7.14,7.61583150135068,-0.392235187659807,8.04421516417051,-0.515848467800036
48.25,-7.56,7.61812681624556,-0.384808640478109,8.04685593907509,-0.50544434293158
48.75,-7.35,7.61984775972906,-0.382937182361199,8.04878638088916,-0.501306689756187
49.25,-7.77,7.6208735698298,-0.38135686170854,8.04986710340396,-0.497457015591456
49.75,-7.56,7.6211174963267,-0.382815222871997,8.04999892143367,-0.497743232221808
50.25,-7.98,7.62055324804164,-0.384543688035937,8.04914968778599,-0.49860396560198
50.75,-7.77,7.6192164745243,-0.385758099503327,8.04736082988624,-0.499859233073244
51.25,-7.35,7.61720144782335,-0.385934050586398,8.04474011237596,-0.49962022590142
51.75,-6.93,7.61464122782031,-0.385683793929117,8.04144544526138,-0.499366071447213
52.25,-7.14,7.61168637881448,-0.383267387204207,8.03765816476854,-0.497071083524694
52.75,-6.72,7.60847968832847,-0.384203361849805,8.03355213619419,-0.497689155408407
53.25,-6.93,7.60516577963202,-0.386104842786627,8.02929936824553,-0.498585148347052
53.75,-6.51,7.60185526593132,-0.390527287186515,8.02503418487729,-0.501722427948306
54.25,-6.72,7.59860638594591,-0.396641485556671,8.02083362677226,-0.505355303195797
54.75,-6.3,7.59544962599615,-0.406353897257133,8.01674552288575,-0.512020191889567
55.25,-6.51,7.59238607207906,-0.415029889454358,8.01278345133384,-0.516983336565554
55.75,-6.09,7.58938834114504,-0.426009711226432,8.00893015080541,-0.52336803885835
56.25,-6.3,7.58644659782901,-0.43405853036973,8.00518488606992,-0.525658271060941
56.75,-5.88,7.5835413534683,-0.440128099961764,8.00152948448389,-0.525492264768767
57.25,-6.09,7.5806293538699,-0.444052439546911,7.99791603213707,-0.522617170760506
57.75,-5.67,7.57768525419076,-0.446383744462871,7.99432322212896,-0.517541908201827
58.25,-5.88,7.57469029792509,-0.444487085726465,7.99073338502043,-0.508337595999256
58.75,-5.46,7.57164170352476,-0.440374730419996,7.98714235298295,-0.496932509398044
59.25,-5.67,7.56854985176308,-0.437274845634196,7.98355488980218,-0.4858454161126
59.75,-5.25,7.56543599208137,-0.430908570303045,7.97998561422834,-0.472351329416161
60.25,-5.46,7.56231406591092,-0.424423396681114,7.97644540847306,-0.459116088630166
60.75,-5.04,7.55921259640314,-0.418117913772433,7.97296206761661,-0.445833922397722
61.25,-5.25,7.55617487692138,-0.41215945540082,7.96956999437947,-0.432859840969264
61.75,-4.83,7.55324663091334,-0.405859411471364,7.96630864604878,-0.419525520389415
62.25,-5.04,7.55046596987222,-0.399736123720237,7.9632137325002,-0.406644755311101
62.75,-4.62,7.54785707718333,-0.393240428693688,7.96031338803753,-0.392988913318365
63.25,-4.83,7.54542964821037,-0.386765797684353,7.95762479452404,-0.379515126059968
63.75,-4.41,7.54318645353807,-0.380677389308328,7.95515992676579,-0.366095550396867
64.25,-4.62,7.54111272894492,-0.37480403262849,7.95291822101855,-0.352977172504494
64.75,-4.2,7.53917131953971,-0.369904623142037,7.95088304940618,-0.33994469197286
65.25,-4.41,7.53731588557181,-0.364775284499802,7.94902587769308,-0.327294547343471
65.75,-3.99,7.53549947946841,-0.360034294453912,7.94731533123816,-0.314294719932339
66.25,-4.2,7.53367083798049,-0.354760762277565,7.94571142463312,-0.301502775066318
66.75,-3.78,7.53178729700813,-0.349915684802937,7.94417498321539,-0.288765674257199
67.25,-3.99,7.52982424356624,-0.343530736653529,7.94268076699349,-0.275342543288185
67.75,-3.57,7.5277778096807,-0.336172113039315,7.9412203790667,-0.261044972816808
68.25,-3.78,7.52565287300162,-0.330099537212408,7.93979205842361,-0.248772899277955
68.75,-3.36,7.52345279939308,-0.322196793831329,7.93839392422851,-0.234530835088449
69.25,-3.57,7.52119503072799,-0.314752501530227,7.93703150832348,-0.221571892517451
69.75,-3.15,7.51890023622721,-0.30978687161198,7.93571785223918,-0.209819568575198
70.25,-3.36,7.51660073992269,-0.304902289314579,7.93447692934334,-0.199710403810692
70.75,-2.94,7.5143428916695,-0.30129392821023,7.93334765857271,-0.189525576754506
71.25,-3.15,7.5121633292007,-0.300466045797565,7.93236291054976,-0.182121036323032
71.75,-2.73,7.51009121501064,-0.300448414589047,7.93155493113218,-0.173859686661563
72.25,-2.94,7.50814142022225,-0.301354469740911,7.93094432097925,-0.166178536485262
72.75,-2.52,7.50630918898952,-0.303066811875637,7.93053845649232,-0.157649374624306
73.25,-2.73,7.50458495206334,-0.304136798541822,7.93034210327566,-0.148694583231697
73.75,-2.31,7.50295990114047,-0.304118710693548,7.93035312994977,-0.137383161535839
74.25,-2.52,7.50142633359007,-0.304112577831471,7.93056472514657,-0.126456410144369
74.75,-2.1,7.49996588691272,-0.302935533880382,7.93095952281571,-0.113422102746408
75.25,-2.31,7.49856201278386,-0.30260343865563,7.93150850923702,-0.100727650734865
75.75,-1.89,7.4972130929895,-0.300425670734346,7.9321945716086,-0.0866152487349096
76.25,-2.1,7.49590433612835,-0.298872341277409,7.93299134165918,-0.0736279187578149
76.75,-1.68,7.49462279898474,-0.297318479406568,7.93387586763315,-0.0598393306514504
77.25,-1.89,7.49336290358667,-0.295078623400229,7.93483101353782,-0.0463578580313969
77.75,-1.47,7.49212883380538,-0.291500964790974,7.93585802333903,-0.0302013622912873
78.25,-1.68,7.49093006510225,-0.286765224192602,7.93696664813777,-0.0140766331604866
78.75,-1.26,7.48977688183501,-0.27922602812434,7.9381826858793,0.0067985864778546
79.25,-1.47,7.48867431778689,-0.26915119084282,7.93952574356223,0.0296712623493412
79.75,-1.05,7.4876392213734,-0.255669092657979,7.94102491973284,0.0564520666588686
80.25,-1.26,7.48668459081781,-0.241306026370416,7.94268767115134,0.0854056158508462
80.75,-0.84,7.4858016077865,-0.228571586490744,7.94448660788513,0.112924247334395
81.25,-1.05,7.48500391454853,-0.215181620111573,7.9464175794708,0.141288276156409
81.75,-0.63,7.48432287363181,-0.202549978479197,7.94845589369256,0.169125544459397
82.25,-0.84,7.48379071447011,-0.194170659767687,7.95054854135916,0.193795140027593
82.75,-0.42,7.48343357735388,-0.186942946219231,7.95261555742582,0.215472563007179
83.25,-0.63,7.48328000091351,-0.18468767700301,7.95456887194199,0.232341679052032
83.75,-0.21,7.48333847432807,-0.187085701871704,7.95631186070974,0.242349226506957
84.25,-0.42,7.48361986678596,-0.191020783977496,7.95777501004029,0.247493552479977
84.75,0,7.48415382517403,-0.196503293601696,7.95892790714459,0.247510217066245
85.25,-0.42,7.48495359535917,-0.205553939137234,7.95977489243291,0.240759442322504
85.75,-0.21,7.48599742016185,-0.218539373026807,7.96032605006156,0.227490207201916
86.25,-0.63,7.48726232977435,-0.231805506334779,7.96062665981405,0.211447163615108
86.75,-0.42,7.48870573076697,-0.248313029472767,7.96072827668652,0.189973126188589
87.25,-0.84,7.49026982191261,-0.264499896730617,7.96068611822961,0.167090056306305
87.75,-0.63,7.49188312156183,-0.283834977629182,7.96053297267582,0.139200250184533
88.25,-1.05,7.4934747064004,-0.30138901432475,7.96029794002155,0.11172333966102
88.75,-0.84,7.49498988735387,-0.319819503991258,7.95999346702949,0.0801392729742092
89.25,-1.26,7.49639426377656,-0.338330419653048,7.95962721547878,0.0490604818964892
89.75,-1.05,7.49765730973534,-0.356711127460212,7.95919435581625,0.0156605337482552
90.25,-1.47,7.49877355743808,-0.373477389128209,7.95869203366699,-0.0157784304092473
90.75,-1.26,7.49976115582833,-0.389758087541497,7.95811852399899,-0.0483376068165438
91.25,-1.68,7.50064720505329,-0.404036046354871,7.95746787462774,-0.0778126544498739
91.75,-1.47,7.50148039437733,-0.417210870363377,7.95675044887066,-0.106692383534947
92.25,-1.89,7.50231615961743,-0.427002716061244,7.9559870833595,-0.130700533698028
92.75,-1.68,7.50321278791939,-0.434723247111687,7.95520027945937,-0.152260791002314
93.25,-2.1,7.50420531612215,-0.439424800122601,7.95440545497813,-0.169301593074853
93.75,-1.89,7.50531923819451,-0.441500994575021,7.95361748461,-0.184291585827188
94.25,-2.31,7.50656535009825,-0.442332451659105,7.95285557732647,-0.196601744544495
94.75,-2.1,7.50792607292609,-0.441731077165208,7.95213309039833,-0.208404771512241
95.25,-2.52,7.50937941980693,-0.436782215623859,7.95146788586288,-0.216932756991473
95.75,-2.31,7.51092267735717,-0.428730314059107,7.95089263851292,-0.224592214912759
96.25,-2.73,7.51255429236784,-0.421559066634857,7.95044507828783,-0.233650067490881
96.75,-2.52,7.51426673106209,-0.411803851967405,7.95014911077462,-0.242482931484597
97.25,-2.94,7.51605109824244,-0.403761802492464,7.95002107919611,-0.252444730858769
97.75,-2.73,7.51789664572574,-0.396844653055449,7.95007546475202,-0.263871515346373
98.25,-3.15,7.51979758197163,-0.391918540632088,7.9503192282772,-0.276565509385652
98.75,-2.94,7.52175238175583,-0.388021691554907,7.95075682897416,-0.290187945532891
99.25,-3.36,7.52375254384732,-0.385585611532992,7.9513820284233,-0.304585101438178
99.75,-3.15,7.52578572943742,-0.386160856792019,7.9521744501155,-0.32059456222602
100.25,-3.57,7.52782802236511,-0.386754317070718,7.95310825214044,-0.336070895029917
100.75,-3.36,7.52985458786758,-0.389226753388581,7.95414864198164,-0.35187805571066
101.25,-3.78,7.53184161356398,-0.393008243371947,7.95525971879789,-0.367689057218112
101.75,-3.57,7.53375916906878,-0.396839777677807,7.95640623178651,-0.382650058063418
102.25,-3.99,7.53558501479037,-0.400724355101523,7.95756040997175,-0.396968219818461
102.75,-3.78,7.53730602028376,-0.40419850047494,7.95870501007225,-0.410353234718378
103.25,-4.2,7.53893430745281,-0.40765434103974,7.95984362138953,-0.423682445549554
103.75,-3.99,7.5404912849067,-0.409980228081014,7.96099000691801,-0.435724655044623
104.25,-4.41,7.54200795588903,-0.412130820453249,7.96216711234993,-0.447895784011354
104.75,-4.2,7.54354056976958,-0.4118918747253,7.96341789328635,-0.457925675259926
105.25,-4.62,7.54513739322909,-0.412384805691103,7.96478057380754,-0.467896278294308
105.75,-4.41,7.54685907759191,-0.407334872025046,7.96630456287671,-0.473108810691832
106.25,-4.83,7.5487400862894,-0.400775811636796,7.9680197392657,-0.476689074190137
106.75,-4.62,7.55079837260412,-0.391314126954354,7.96994687546988,-0.476715701335544
107.25,-5.04,7.55306545185027,-0.379736146454502,7.97211399697669,-0.475251436881957
107.75,-4.83,7.5555416397293,-0.36306838131284,7.97452290106127,-0.468971973602232
108.25,-5.25,7.55820127363049,-0.344992541051914,7.97715616334384,-0.461281075961093
108.75,-5.04,7.56101467370278,-0.32429824719686,7.9799954244959,-0.450416739404091
109.25,-5.46,7.56395586735347,-0.30587241733594,7.98302372457056,-0.441332023356576
109.75,-5.25,7.56699285625798,-0.288789399391363,7.98621817664363,-0.431763134532518
110.25,-5.67,7.57008964349126,-0.277872154947577,7.98954605152783,-0.426315480636072
110.75,-5.46,7.57321896716161,-0.270450610576017,7.99297943189336,-0.422898723341649
111.25,-5.88,7.57635935250134,-0.270014745257406,7.99649264657795,-0.424149003854406
111.75,-5.67,7.57949321778516,-0.273355229978236,8.00006025397078,-0.427484707466489
112.25,-6.09,7.58261603433803,-0.280686073846254,8.00366529451575,-0.433943548575875
112.75,-5.88,7.58572172436086,-0.288926833810315,8.0072881907988,-0.440568432376025
113.25,-6.3,7.58879779249001,-0.297330469345316,8.01089963102122,-0.447456414280337
113.75,-6.09,7.59184808594189,-0.30354882718689,8.01448757935475,-0.452718270121669
114.25,-6.51,7.59488601119813,-0.311022160440993,8.01805334993604,-0.459451951409676
114.75,-6.3,7.59791868694422,-0.315533855247876,8.02159745195026,-0.463740406943745
115.25,-6.72,7.60095681689205,-0.319937914156059,8.02512830459693,-0.468272985725833
115.75,-6.51,7.60400477184828,-0.324164121053208,8.0286545000896,-0.472003316984978
116.25,-6.93,7.60708784894934,-0.326937009026184,8.03219836423622,-0.474342764710918
116.75,-6.72,7.61023427341171,-0.32701433106072,8.03579026164974,-0.473857074011513
117.25,-7.14,7.61338563612011,-0.326691085734555,8.03936132204592,-0.472524832167866
117.75,-6.93,7.61647877533186,-0.327451617848553,8.04283310861775,-0.471945120739665
118.25,-7.35,7.61947479465372,-0.327037971261605,8.04616143696971,-0.469953097429039
118.75,-7.14,7.62227198859212,-0.328702670838395,8.0492267254564,-0.469820628078451
119.25,-7.56,7.62473420877701,-0.327175172492113,8.05187258539348,-0.466465145777778
119.75,-7.35,7.62672643776991,-0.328894706160924,8.05394124043267,-0.466459673342526
120.25,-7.77,7.62812469184461,-0.33000826178438,8.05528665213596,-0.465504935072339
120.75,-7.56,7.62881981117873,-0.333094828053567,8.05578667842413,-0.466858251034167
121.25,-7.98,7.62875023596933,-0.334629695993245,8.05537241769342,-0.466891931191537
121.75,-7.77,7.62791481682865,-0.337511874847549,8.05404515680621,-0.468934308011666
122.25,-7.35,7.6263655825038,-0.338802617066888,8.05187220603977,-0.469453017362285
122.75,-6.93,7.62419723851372,-0.34211760630809,8.04897185432926,-0.472073214709167
123.25,-7.14,7.62155067746234,-0.346685751099014,8.04550856213745,-0.47509668923414
123.75,-6.72,7.61857470304162,-0.352036932160881,8.04165381155203,-0.47868014237332
124.25,-6.93,7.61539526480107,-0.357057663756257,8.03755169636648,-0.480931580405695
124.75,-6.51,7.61213416615478,-0.364765547297677,8.03333836545949,-0.485478340679827
125.25,-6.72,7.60888672265526,-0.372440160431477,8.02912059613925,-0.489566059814533
125.75,-6.3,7.60570632021079,-0.382356366167191,8.02496069052754,-0.495677575560956
126.25,-6.51,7.60262061113893,-0.389769549495556,8.02089370632528,-0.498962831773419
126.75,-6.09,7.59963355308137,-0.398911693923612,8.01693095664422,-0.504023137786532
127.25,-6.3,7.5967595985924,-0.404530258825817,8.01309754580444,-0.50541694596739
127.75,-5.88,7.59397924275753,-0.408562522261981,8.0093840202736,-0.505248554505924
128.25,-6.09,7.59124742819433,-0.412690096326327,8.0057464626793,-0.504842900784633
128.75,-5.67,7.58854048599022,-0.414383935824491,8.00216849741772,-0.502280021571023
129.25,-5.88,7.58582370063569,-0.416216381342166,7.99862499234623,-0.499626754093922
129.75,-5.46,7.58308480880596,-0.416650520634109,7.99511118927528,-0.495231030204992
130.25,-5.67,7.58032916780075,-0.418910408217759,7.99163236435226,-0.49154708356658
130.75,-5.25,7.57758040930304,-0.420248231244787,7.98821280406754,-0.486517121023205
131.25,-5.46,7.57487656100742,-0.421973494720609,7.98488974616464,-0.481502356747874
131.75,-5.04,7.57225311904137,-0.422409449476115,7.98169877941952,-0.474319052883262
132.25,-5.25,7.56973416256815,-0.418468822810452,7.97866264222511,-0.463187794706858
132.75,-4.83,7.56734849973412,-0.41193046553851,7.97580869590988,-0.449179677190225
133.25,-5.04,7.56510169693202,-0.402673872658275,7.97314150447947,-0.432239999017766
133.75,-4.62,7.56297692648671,-0.391505166369484,7.97064955808461,-0.413126254395772
134.25,-4.83,7.56094879529363,-0.378573523109343,7.96831421774521,-0.392575154971184
134.75,-4.41,7.5589776397599,-0.364934517363181,7.96610275475502,-0.370859073578069
135.25,-4.62,7.5570308094407,-0.3516677459491,7.96398531051426,-0.349167604676879
135.75,-4.2,7.55508826555301,-0.339058903200152,7.96194909474984,-0.327694299837689
136.25,-4.41,7.55313650423778,-0.328638128450899,7.95998570300537,-0.30875563473927
136.75,-3.99,7.55116871715044,-0.320435597304674,7.95809354200475,-0.290722491288755
137.25,-4.2,7.54918696723992,-0.314408747079317,7.95627545572336,-0.27489962681087
137.75,-3.78,7.54720597035414,-0.310603332139732,7.95454330435642,-0.26079952763588
138.25,-3.99,7.54523080198083,-0.308006215382451,7.95290570700646,-0.247987589194114
138.75,-3.57,7.5432624850024,-0.307809208304319,7.95137146887849,-0.236709930202294
139.25,-3.78,7.54130095150965,-0.307857692377555,7.94994312399001,-0.226137115941428
139.75,-3.36,7.53931410949897,-0.309807097725729,7.94859778667356,-0.216791904738871
140.25,-3.57,7.53728002502705,-0.309677405458255,7.9473196151491,-0.206654470257932
140.75,-3.15,7.53519957666811,-0.309564635081182,7.94610904487589,-0.195720293851472
141.25,-3.36,7.53307255481928,-0.309929356392679,7.9449628961317,-0.18599280325037
141.75,-2.94,7.53090259938823,-0.309677606386996,7.94388012340998,-0.175483404415919
142.25,-3.15,7.52869290996864,-0.309677023068504,7.94286772644097,-0.167185033421538
142.75,-2.73,7.52645073359516,-0.30929753448755,7.94193651935575,-0.157710450911498
143.25,-2.94,7.52419019342071,-0.307892605568026,7.94109949149984,-0.149088309847363
143.75,-2.52,7.52194273337101,-0.305830012837639,7.94038514157638,-0.139899806184512
144.25,-2.73,7.51974461098207,-0.303808144926547,7.93982094485416,-0.131511175314534
144.75,-2.31,7.5176098079105,-0.300995833906291,7.9394182685469,-0.122785860825998
145.25,-2.52,7.51554663706094,-0.295359764517146,7.93918207972389,-0.113114309909477
145.75,-2.1,7.51357515164103,-0.288613640885815,7.93912261116367,-0.101240609671199
146.25,-2.31,7.51169485006574,-0.280018573119044,7.9392307179791,-0.0885437713065941
146.75,-1.89,7.50989676001647,-0.270971238914384,7.93949249187066,-0.0733486723371443
147.25,-2.1,7.50816698461326,-0.261927132253256,7.93988830500706,-0.0576369366296925
147.75,-1.68,7.50649473161829,-0.251866019602452,7.94040997517807,-0.0385861003316457
148.25,-1.89,7.50487577231216,-0.242827801825315,7.94105502868865,-0.0199000878830271
148.75,-1.47,7.50330595982086,-0.232901515363255,7.94183301514648,0.00199456988485511
149.25,-1.68,7.50178402823246,-0.222060613407448,7.94275089136235,0.0260063296038923
149.75,-1.26,7.50034153367178,-0.20897784315757,7.94385084766892,0.0542864908550139
150.25,-1.47,7.4990059786086,-0.197502140517376,7.94516260850543,0.0836154200778975
150.75,-1.05,7.49777941685526,-0.186185780476081,7.94668781701482,0.11500609421792
151.25,-1.26,7.49667741683424,-0.174185663908997,7.94843517737703,0.149891927140819
151.75,-0.84,7.49574143775158,-0.163704749631332,7.95033680361135,0.186056161363668
152.25,-1.05,7.49501170091764,-0.156180970488993,7.95232132262504,0.222118292591761
152.75,-0.63,7.49448320757599,-0.150968593599691,7.95431350764662,0.2541795220976
153.25,-0.84,7.49416141907593,-0.149274124734807,7.95619991125567,0.283472825578185
153.75,-0.42,7.49404727644936,-0.152235354855881,7.95783844528622,0.303649501366395
154.25,-0.63,7.49414915761112,-0.159295090195733,7.95910403594992,0.316054773291836
154.75,-0.21,7.49447478726501,-0.172875171132665,7.95988811966436,0.315636399248176
155.25,-0.42,7.4950189147769,-0.190794697799744,7.96012980262733,0.303263799727358
155.75,0,7.49577972151294,-0.210336739342552,7.95982817212793,0.281128722240132
156.25,-0.21,7.49675113566861,-0.233578773076011,7.95904502072812,0.248748328014895
156.75,-0.63,7.4978985820469,-0.257722473280581,7.95788210018968,0.208122113025317
157.25,-1.05,7.49918127810916,-0.279838571502286,7.95648425727624,0.16512109791714
157.75,-0.84,7.50056487803366,-0.299337307830296,7.95500622700112,0.120512384613899
158.25,-1.26,7.50202678685973,-0.31538535948532,7.95359957438651,0.0790868949542146
158.75,-1.05,7.5035379159439,-0.329706476840664,7.95236619255746,0.038689924319258
159.25,-1.47,7.50508394399328,-0.340620887072281,7.95137367667092,0.00414840973012755
159.75,-1.26,7.50665788518174,-0.34915982671529,7.95063864847697,-0.026751819404781
160.25,-1.68,7.50824831729508,-0.355475656654022,7.95013695687292,-0.0521618989744158
160.75,-1.47,7.50985667658529,-0.362187768703875,7.94982314740796,-0.0766171211420139
161.25,-1.89,7.51148638285058,-0.36995618916202,7.949647452981,-0.0992030503914094
161.75,-1.68,7.51312784511774,-0.377311761888993,7.94957660549614,-0.120554300978839
162.25,-2.1,7.51477777502988,-0.38433344472508,7.94955922897659,-0.139764838323454
162.75,-1.89,7.51644871724228,-0.39130994864175,7.94955271705517,-0.157854225930443
163.25,-2.31,7.51812535509487,-0.395184091892629,7.949539416113,-0.173378868607475
163.75,-2.1,7.51979401819115,-0.399446205940048,7.94951632561253,-0.188016328205828
164.25,-2.52,7.52144472745439,-0.400778195557004,7.94948901122907,-0.200300970194328
164.75,-2.31,7.52306746857206,-0.400511666331763,7.94946603424324,-0.211469898771524
165.25,-2.73,7.52464542333143,-0.399881094812557,7.94945268788456,-0.221379883523567
165.75,-2.52,7.52615092663398,-0.398878726328191,7.94945179513066,-0.231241091550283
166.25,-2.94,7.52757095455641,-0.396832342014874,7.94947443329617,-0.239949823583643
166.75,-2.73,7.52890576025168,-0.394448328642254,7.94952897841628,-0.248956006976208
167.25,-3.15,7.53016601439119,-0.39322728448242,7.94962601973243,-0.258537395281829
167.75,-2.94,7.53137320671125,-0.392120027932499,7.94978114675518,-0.268629727008801
168.25,-3.36,7.53256353599714,-0.391193663263588,7.95001921811094,-0.279223912108751
168.75,-3.15,7.53378378053884,-0.391799773596476,7.95036663324202,-0.291538861185477
169.25,-3.57,7.53507446748806,-0.393520642721366,7.95085152089031,-0.30539612180712
169.75,-3.36,7.53646760034783,-0.396779010681896,7.95149523426028,-0.320293878230907
170.25,-3.78,7.53799167655218,-0.401956897521961,7.95231353993731,-0.336896879943692
170.75,-3.57,7.5396543019272,-0.406870484806369,7.95330927854193,-0.353672677340098
171.25,-3.99,7.54143723497419,-0.412775532924549,7.95446822951073,-0.371469558879595
171.75,-3.78,7.54333075350213,-0.417220768345461,7.95578421998407,-0.388234745042496
172.25,-4.2,7.54532225371904,-0.421300188337737,7.95725304407378,-0.404935628118067
172.75,-3.99,7.54740006163316,-0.422634047471686,7.95886680675705,-0.4189955904053
173.25,-4.41,7.54955840605932,-0.421932967882559,7.9606219105898,-0.431274166356762
173.75,-4.2,7.55179178648699,-0.416522707329425,7.96251692424662,-0.438798517035723
174.25,-4.62,7.55408255552797,-0.408227139231875,7.96453696799496,-0.443382215580407
174.75,-4.41,7.5564050912179,-0.398537431815222,7.96665965997708,-0.446552726336298
175.25,-4.83,7.55875327832966,-0.388054609016993,7.96887481055132,-0.447916818152948
175.75,-4.62,7.56111803935509,-0.37471128969278,7.97116596640161,-0.447885856287851
176.25,-5.04,7.56347746297092,-0.364183383113521,7.97350984005004,-0.448781220947599
176.75,-4.83,7.5658065759131,-0.356419261378714,7.97587684118448,-0.452111841073914
177.25,-5.25,7.56810529180074,-0.352545914139555,7.9782507576078,-0.458389631266786
177.75,-5.04,7.57038692955958,-0.352539661328992,7.98062578159321,-0.467254895384449
178.25,-5.46,7.57267009969685,-0.356484054434927,7.98299812870047,-0.479258555519054
178.75,-5.25,7.57499427877197,-0.362372595063124,7.98538798177378,-0.492342103275795
179.25,-5.67,7.57740261639162,-0.373218944369635,7.98783018920219,-0.50935457018482
179.75,-5.46,7.57992310591627,-0.384375962518407,7.99036160444183,-0.525035371131037
180.25,-5.88,7.58256196346369,-0.396065553322778,7.99301035592737,-0.540467627730832
180.75,-5.67,7.58531365505784,-0.408150893703961,7.99580146467758,-0.553866892182842
181.25,-6.09,7.5881629196336,-0.417873276591767,7.99875343954501,-0.564628029709438
181.75,-5.88,7.59107199401972,-0.427694883283879,8.00186767042596,-0.572613747829122
182.25,-6.3,7.59400478561653,-0.434105760384415,8.00513670467566,-0.577388526495169
182.75,-6.09,7.59692752608933,-0.43886392544213,8.00854122160665,-0.579921856303115
183.25,-6.51,7.59979721762313,-0.442045839166358,8.01204176443859,-0.580311106609104
183.75,-6.3,7.60258296522556,-0.442935718805637,8.01560576386431,-0.577937769800998
184.25,-6.72,7.60526365242676,-0.443866398854638,8.01920037354602,-0.575972534086632
184.75,-6.51,7.60782605537128,-0.44236689078162,8.02279071981138,-0.571472442521929
185.25,-6.93,7.61027332796378,-0.440943912043256,8.02635037373707,-0.567803313674098
185.75,-6.72,7.61261105955796,-0.441438027775145,8.02986993302567,-0.56226689438844
186.25,-7.14,7.61479314546764,-0.438630102415871,8.03326183574633,-0.55580745116584
186.75,-6.93,7.61679522032354,-0.435838586841298,8.03645272252299,-0.548360916151464
187.25,-7.35,7.61860050345777,-0.431598681834819,8.03940382468374,-0.538751673901634
187.75,-7.14,7.62014317881796,-0.429805637168402,8.04201646690166,-0.531076946283641
188.25,-7.56,7.62134055965241,-0.428860683830313,8.04417849754642,-0.523151206934409
188.75,-7.35,7.62208364334589,-0.430186570627148,8.04575416975777,-0.517774845363685
189.25,-7.77,7.62226279856466,-0.429004247660037,8.0466034962205,-0.510727544594104
189.75,-7.56,7.62180782223966,-0.429137676469504,8.04662854213208,-0.507449737645798
190.25,-7.98,7.62069815701925,-0.426650671615948,8.04578570823286,-0.503248272933274
190.75,-7.77,7.61895633504238,-0.422615331507389,8.04408415578953,-0.501111878849886
191.25,-7.35,7.61666058285877,-0.416368237471406,8.04160330746322,-0.498806609827826
191.75,-6.93,7.61392851243252,-0.408487765728061,8.03847675620254,-0.497072529969828
192.25,-7.14,7.6108951260628,-0.401494875512016,8.03486773283171,-0.496150036182207
192.75,-6.72,7.60768493582197,-0.39617436218625,8.03094098744099,-0.496588349813799
193.25,-6.93,7.60440783641234,-0.392994407895721,8.02684630652069,-0.497907172347847
193.75,-6.51,7.60114655959607,-0.393418166600407,8.02270325372558,-0.501650837694583
194.25,-6.72,7.59795219651088,-0.396153440922306,8.01859927894629,-0.505684618886221
194.75,-6.3,7.59485546393424,-0.40202872090042,8.01459388616069,-0.511818270136035
195.25,-6.51,7.59186954790411,-0.410252944484288,8.01071868718794,-0.518587285383373
195.75,-6.09,7.58899186470085,-0.419520113734806,8.00697977007276,-0.526633406037626
196.25,-6.3,7.58623438951628,-0.43030697059416,8.00340081277938,-0.533946436499869
196.75,-5.88,7.58357902231622,-0.440333377086751,7.99996568508734,-0.540552991436431
197.25,-6.09,7.58099102275584,-0.449845514269837,7.99662315249906,-0.545609117429834
197.75,-5.67,7.57846276185669,-0.457518151703308,7.99335893528931,-0.548800710269155
198.25,-5.88,7.57598033542326,-0.464309915974953,7.99015313226797,-0.550905767496304
198.75,-5.46,7.57354391708495,-0.469040448220925,7.98700543657803,-0.549973747618942
199.25,-5.67,7.57115099895607,-0.473641985688255,7.98391375013997,-0.548696320203204
199.75,-5.25,7.56878726071895,-0.475872765525796,7.98087154003522,-0.544112748411958
200.25,-5.46,7.56644073828442,-0.474823700478313,7.97787722530862,-0.536147740224445
200.75,-5.04,7.56411294930612,-0.471250103844374,7.97494336179243,-0.525132100241534
201.25,-5.25,7.56180558140725,-0.465138147499994,7.97208480167071,-0.511481939986656
201.75,-4.83,7.55951924427777,-0.456297347224368,7.96931814526113,-0.494879275440604
202.25,-5.04,7.55724388752192,-0.443913773578951,7.96664246645006,-0.474050816163648
202.75,-4.62,7.55496893045211,-0.431633344280873,7.9640516913176,-0.453552549458358
203.25,-4.83,7.55269649563451,-0.420786545511388,7.96154459000595,-0.433389233175444
203.75,-4.41,7.5504197559538,-0.410131792881241,7.95910055302479,-0.4139139384215
204.25,-4.62,7.54811425007381,-0.398393569321865,7.95667988787029,-0.393105851854324
204.75,-4.2,7.54577519737421,-0.389275416160243,7.95427009695209,-0.373953335587856
205.25,-4.41,7.54341876167378,-0.383479983324936,7.95187973742125,-0.360064717062337
205.75,-3.99,7.54106087401495,-0.378252028938487,7.94951799280899,-0.345845548972517
206.25,-4.2,7.53870225941287,-0.37286897181169,7.94718838991377,-0.333139669099881
206.75,-3.78,7.53635549652235,-0.368966195319524,7.94491530174249,-0.322563491638158
207.25,-3.99,7.5340447913126,-0.365217361963647,7.94274111772352,-0.313561495424125
207.75,-3.57,7.53178547520622,-0.360982116916808,7.94070752781635,-0.304606716034369
208.25,-3.78,7.52957587246869,-0.353352588420811,7.93883513106648,-0.2935077082822
208.75,-3.36,7.52741065443309,-0.346413286485776,7.93713850479545,-0.282719885369016
209.25,-3.57,7.52530215584605,-0.339933282601842,7.93564359803923,-0.273600886633432
209.75,-3.15,7.52325095284657,-0.331753998659092,7.93436263536225,-0.259769717670347
210.25,-3.36,7.5212420549824,-0.324359988188692,7.93327844555232,-0.246809873167864
210.75,-2.94,7.51925832292321,-0.317472325509804,7.93236512310656,-0.2318150232138
211.25,-3.15,7.51728328424464,-0.310273919245728,7.93160518551177,-0.216347623503107
211.75,-2.73,7.51531364455896,-0.305548726483852,7.93100497678079,-0.200507972794862
212.25,-2.94,7.51336909651962,-0.304996184110386,7.93058881471353,-0.188036595236036
212.75,-2.52,7.51146641784593,-0.304088876159109,7.93037642897376,-0.173840442314134
213.25,-2.73,7.50960430092864,-0.304375461620439,7.93036996751582,-0.161472392727201
213.75,-2.31,7.50778946635713,-0.306867086855898,7.93057248840995,-0.149221403240143
214.25,-2.52,7.50603648784665,-0.310594681960923,7.93097762011184,-0.139344332372994
214.75,-2.1,7.50435019390685,-0.312368281501955,7.93155638220101,-0.127164564714162
215.25,-2.31,7.50272818734245,-0.313719365661103,7.9322709732356,-0.11436048286021
215.75,-1.89,7.50117111841363,-0.315022471376672,7.93309448739902,-0.10208187667799
216.25,-2.1,7.49968107110684,-0.315208865624955,7.93399813614555,-0.0881872163636229
216.75,-1.68,7.49826401792271,-0.312603308162918,7.93496677476419,-0.0722288124716349
217.25,-1.89,7.4969157574231,-0.308560059176347,7.93597687799507,-0.0539949246803035
217.75,-1.47,7.49562791499792,-0.303322517057748,7.9370127311428,-0.0340204820647071
218.25,-1.68,7.49439823707444,-0.29693236284798,7.93807055894151,-0.0123309853256521
218.75,-1.26,7.4932283827005,-0.286996934224713,7.9391536411862,0.014632447115204
219.25,-1.47,7.49210242320895,-0.274556269445672,7.94025027651536,0.0458208077955429
219.75,-1.05,7.49101185233325,-0.262140421285967,7.94138550016464,0.080135058673804
220.25,-1.26,7.48996566799041,-0.249724359259637,7.94261013919772,0.114366483905736
220.75,-0.84,7.48899883347609,-0.236723470263462,7.94390167599952,0.150318013407198
221.25,-1.05,7.48814476159879,-0.224862063024959,7.94524578022812,0.186053588621275
221.75,-0.63,7.48740959124354,-0.214834667216356,7.94665161420032,0.219126216610708
222.25,-0.84,7.48684037886229,-0.208124687005486,7.94810772187898,0.247940494765483
222.75,-0.42,7.48649611770222,-0.205186958151575,7.94956490578557,0.268914376746149
223.25,-0.63,7.48642658084926,-0.206803359146275,7.95095830303994,0.282972052684757
223.75,-0.21,7.48667406249203,-0.212484656810354,7.95220281265387,0.287800400750829
224.25,-0.42,7.48727309676434,-0.222977479373369,7.95322843929934,0.283309792589664
224.75,0,7.48824245636942,-0.233329123508141,7.95398569270484,0.272147188035468
225.25,-0.21,7.48956932836698,-0.245586083114665,7.95445494955438,0.253329341315516
225.75,-0.63,7.49120760595062,-0.258329164889485,7.95464636765878,0.227683172701885
226.25,-1.05,7.49311581494072,-0.270028427148074,7.9546304247774,0.197784003605082
226.75,-0.84,7.49523642434932,-0.27943751929737,7.95449024273231,0.165796545208197
227.25,-1.26,7.49750452876116,-0.286277491503158,7.95431121270244,0.133854004073257
227.75,-1.05,7.49986934144335,-0.292020815193828,7.95416830435287,0.10165795810339
228.25,-1.47,7.50227580341142,-0.296705300336503,7.95410737202052,0.0718605764005495
228.75,-1.26,7.50466050789212,-0.305023115265513,7.95412926537239,0.0403838191344302
229.25,-1.68,7.50698595896405,-0.313354538417169,7.95422400933693,0.0122055310721507
229.75,-1.47,7.5092233430667,-0.322053537599611,7.95435535445971,-0.0143838759617548
230.25,-1.89,7.51133317728894,-0.331531190258055,7.95447326344158,-0.0369197800304756
230.75,-1.68,7.51327016862445,-0.343392348627477,7.95454311014813,-0.0610431360452156
231.25,-2.1,7.5150184849814,-0.353854175240982,7.95452372334999,-0.0814682053577353
231.75,-1.89,7.51658784549249,-0.364686858363601,7.95437766590976,-0.101343083607124
232.25,-2.31,7.51798188903111,-0.373766782461063,7.95410210791888,-0.118468835890093
232.75,-2.1,7.51923053271995,-0.382236352017885,7.95372346117162,-0.134557552795297
233.25,-2.52,7.5203830530514,-0.390116059067452,7.95328211236269,-0.150621807708624
233.75,-2.31,7.52148768958916,-0.395807061774445,7.95282220380737,-0.16553428111082
234.25,-2.73,7.52258633244762,-0.400579161981906,7.95238547242219,-0.179801666004804
234.75,-2.52,7.52372078821584,-0.404752641514166,7.95201728766872,-0.194451521459543
235.25,-2.94,7.52493907367351,-0.406596143104319,7.95176957038913,-0.207430427348609
235.75,-2.73,7.52627780192182,-0.407295690782324,7.95168260186517,-0.220220718118049
236.25,-3.15,7.52775558484529,-0.406873438808422,7.95178068236272,-0.231963496803458
236.75,-2.94,7.52939014275116,-0.405654318123171,7.95208374353765,-0.243749632242092
237.25,-3.36,7.53118437977154,-0.404125970744725,7.95260196661997,-0.255410369959541
237.75,-3.15,7.53311511909377,-0.404216140489588,7.95331595808195,-0.268681158095642
238.25,-3.57,7.53515749358455,-0.404975969248757,7.95420267622127,-0.282664486666299
238.75,-3.36,7.53728436583558,-0.405445232296833,7.95523647553589,-0.296639007128567
239.25,-3.78,7.53944986988952,-0.408389574374074,7.95637605800213,-0.312612862822752
239.75,-3.57,7.54161412551267,-0.412056213514481,7.95758632968722,-0.329190216917548
240.25,-3.99,7.54374622510138,-0.415086323181526,7.95884022016035,-0.344909550777592
240.75,-3.78,7.54583615897299,-0.415774593979463,7.96012801874785,-0.358611242638008
241.25,-4.2,7.54788659296086,-0.416965760808641,7.96145172532265,-0.372381829942554
241.75,-3.99,7.54989135056355,-0.416897108320623,7.96279943414468,-0.385524494547056
242.25,-4.41,7.55185750642469,-0.414979370450417,7.96417361834118,-0.396056182591813
242.75,-4.2,7.55381313013995,-0.409561654648711,7.96559647766103,-0.403018756364034
243.25,-4.62,7.55577619459781,-0.403598648294499,7.96708039212706,-0.409607029611033
243.75,-4.41,7.5577493230225,-0.399569879032268,7.96862518685358,-0.417373317233168
244.25,-4.83,7.55975613878196,-0.396240277126766,7.97025385897728,-0.426428621786916
244.75,-4.62,7.56180989221831,-0.39480161967214,7.97197997121747,-0.437550583545498
245.25,-5.04,7.56390757301403,-0.395506201517901,7.97380720816501,-0.450382236403862
245.75,-4.83,7.56605536500028,-0.398095417088343,7.97575540839661,-0.464685921743734
246.25,-5.25,7.56825207274914,-0.403679283969421,7.9778354748032,-0.481306037207731
246.75,-5.04,7.5704860333341,-0.412368409094044,7.98004720713033,-0.49982668224052
247.25,-5.46,7.57274105844613,-0.420535969429237,7.98237706800396,-0.516923391608549
247.75,-5.25,7.57501560071321,-0.427452538469518,7.98481961718336,-0.531872340524235
248.25,-5.67,7.57733611425317,-0.438009284509888,7.98739715933264,-0.549761406731492
248.75,-5.46,7.57970738855261,-0.445454249133162,7.99010219841173,-0.563576680778375
249.25,-5.88,7.58212339891269,-0.451658772760562,7.99291282975713,-0.575463477159656
249.75,-5.67,7.58461026986389,-0.453666168611932,7.995841914221,-0.582880424772703
250.25,-6.09,7.5871935745103,-0.455236365241002,7.99890291482882,-0.589299459310843
250.75,-5.88,7.58989612278476,-0.453887625310985,8.00211649516153,-0.592165996295668
251.25,-6.3,7.5927508165703,-0.451619774888193,8.00551290751498,-0.594552002028679
251.75,-6.09,7.59578811767829,-0.445901410809126,8.00912201220651,-0.592661796054523
252.25,-6.51,7.59901301325295,-0.440245872376996,8.0129434776454,-0.590486220079212
252.75,-6.3,7.60240281793427,-0.43382165126744,8.01695092394155,-0.586352308274898
253.25,-6.72,7.60593212331128,-0.426140885472366,8.02111175628608,-0.579397704683457
253.75,-6.51,7.60956851426089,-0.416612226855757,8.02538498677386,-0.569517979743788
254.25,-6.93,7.6132510484361,-0.408909657705388,8.02970230637522,-0.559420474704033
254.75,-6.72,7.61692546215529,-0.402821444586842,8.03400701490355,-0.548992757167476
255.25,-7.14,7.62047495650329,-0.399732187216962,8.03815709933479,-0.541280221235471
255.75,-6.93,7.62378535393827,-0.399350881375738,8.04201331242088,-0.535558162671769
256.25,-7.35,7.62679282373949,-0.399610369542456,8.04550139067684,-0.530357131160941
256.75,-7.14,7.62939761099315,-0.402079037846547,8.04849767049752,-0.528027993304193
257.25,-7.56,7.63148702961648,-0.404200034693152,8.05086539498427,-0.525521435149566
257.75,-7.35,7.63294255538189,-0.407735306056019,8.052463261931,-0.525501357565076
258.25,-7.77,7.63366631340876,-0.408797977194867,8.05317077102426,-0.523305702185339
258.75,-7.56,7.63361380737832,-0.410810069642799,8.05293168231529,-0.523222000652338
259.25,-7.98,7.63278367153162,-0.41000556446673,8.05174144009169,-0.520692470361664
259.75,-7.77,7.63121292333549,-0.410172905278052,8.049644834031,-0.519707830437421
260.25,-7.35,7.62900264572801,-0.40773288780253,8.04676217326327,-0.516601697256855
260.75,-6.93,7.62628685524085,-0.406128342744002,8.0432513980719,-0.51475692744255
261.25,-7.14,7.62321690374164,-0.404541783350993,8.03929276012254,-0.512321902994192
261.75,-6.72,7.61993580635001,-0.404999651853281,8.03506265324709,-0.512177325916736
262.25,-6.93,7.61656371987967,-0.406064634048846,8.03071116631618,-0.512103933729372
262.75,-6.51,7.61319975803473,-0.408784867294958,8.02635822976059,-0.513771672604562
263.25,-6.72,7.60990517435221,-0.413989339195211,8.02208024069578,-0.517136927003607
263.75,-6.3,7.60671431111649,-0.420933863587211,8.0179236501936,-0.521866053187294
264.25,-6.51,7.60364506771767,-0.42810074510843,8.01390902320457,-0.526083050501867
264.75,-6.09,7.60069994256145,-0.436231261018408,8.01004145149428,-0.530925224314751
265.25,-6.3,7.59789872240637,-0.443201346901879,8.00635060729141,-0.534113953796316
265.75,-5.88,7.59523784682267,-0.44861138645764,8.00283781953072,-0.534973689297704
266.25,-6.09,7.59267759619602,-0.451100468174622,7.99946185747915,-0.532529835180788
266.75,-5.67,7.59020399284038,-0.450989656592678,7.99622170327462,-0.526624557996383
267.25,-5.88,7.5878072407762,-0.449132397932873,7.9931192621743,-0.518647132105374
267.75,-5.46,7.58546385443217,-0.444175941137899,7.99014428098805,-0.506868270522772
268.25,-5.67,7.58314140442093,-0.436368125759998,7.987279326171,-0.492631709575343
268.75,-5.25,7.58081595573771,-0.428337394717809,7.98451390122481,-0.477079966758251
269.25,-5.46,7.57847272534753,-0.41970821247195,7.98183631476537,-0.460635948892089
269.75,-5.04,7.57611054319166,-0.409702239617149,7.97924438204944,-0.442610674808454
270.25,-5.25,7.57372163810262,-0.399956698909363,7.97672523598388,-0.424570745949878
270.75,-4.83,7.5713092888251,-0.39032816347491,7.9742725093627,-0.406604061557352
271.25,-5.04,7.56888108809527,-0.380188917798885,7.97188037737724,-0.388149425500087
271.75,-4.62,7.56644638886424,-0.371183880306608,7.96954877009415,-0.370055713185317
272.25,-4.83,7.5640389967373,-0.364815699009559,7.96729406045668,-0.353780914009373
272.75,-4.41,7.56169249131191,-0.356911618926661,7.96513785859644,-0.335549419292235
273.25,-4.62,7.55942238116284,-0.348688442873241,7.96309241077167,-0.317466292849434
273.75,-4.2,7.55724299259121,-0.342865623221631,7.96117156207055,-0.300378016662553
274.25,-4.41,7.55517377537725,-0.338673540323108,7.95939561068585,-0.284688381149757
274.75,-3.99,7.55322724443491,-0.335656264440181,7.95778664785015,-0.269239971693001
275.25,-4.2,7.5513972760933,-0.334412255952019,7.95635169925199,-0.255603372145551
275.75,-3.78,7.54966364047455,-0.335036493268978,7.95508888494165,-0.243380787796342
276.25,-3.99,7.54800307856422,-0.335204786408005,7.95399795748143,-0.232288444100326
276.75,-3.57,7.54637640655622,-0.33611462025182,7.95306227234873,-0.221042647820516
277.25,-3.78,7.54474103168159,-0.334731878778749,7.95225478217911,-0.209003823841345
277.75,-3.36,7.54307112873768,-0.332369464870389,7.95156026858912,-0.196027350220244
278.25,-3.57,7.54134397738767,-0.33023108956791,7.95096069099323,-0.184094283078873
278.75,-3.15,7.53953956716422,-0.326024634302654,7.95043719436895,-0.170549556187704
279.25,-3.36,7.53764833844843,-0.322193894301485,7.94997602463873,-0.157951710642358
279.75,-2.94,7.535667767029,-0.319115408280271,7.94956901997515,-0.145106297486867
280.25,-3.15,7.53361504547681,-0.315514452099499,7.94922015543196,-0.132808681786105
280.75,-2.73,7.53152778906158,-0.312162475163661,7.94894911714667,-0.119394255014495
281.25,-2.94,7.52944866922796,-0.310341118478399,7.94877558895462,-0.107367702697905
281.75,-2.52,7.52741987622815,-0.307440760614394,7.94871238380798,-0.0943211250258967
282.25,-2.73,7.52546356558953,-0.303688623680555,7.94876875125925,-0.0812236851242415
282.75,-2.31,7.52359925122215,-0.301036267497719,7.94896061300033,-0.0676622893910471
283.25,-2.52,7.52185090997972,-0.298035456853226,7.94930111109305,-0.0547985357797789
283.75,-2.1,7.52023073820003,-0.292579565201562,7.94980240655575,-0.0395218736720891
284.25,-2.31,7.51873454111816,-0.28715068620003,7.9504667896137,-0.0260443938693311
284.75,-1.89,7.51735057876926,-0.281364376803933,7.95129625676959,-0.0110642906716482
285.25,-2.1,7.51606035910176,-0.273022170750069,7.95228729479524,0.0048254997575859
285.75,-1.68,7.514859543288,-0.264259993534113,7.95346591458777,0.0238151943738008
286.25,-1.89,7.51374410900798,-0.256294120133385,7.95485217644013,0.0423956694208952
286.75,-1.47,7.51271324400793,-0.245068666556796,7.95646525986036,0.0657842928370969
287.25,-1.68,7.51175704063841,-0.234409102588822,7.95832158615692,0.0903736521473695
287.75,-1.26,7.51086832145699,-0.221190414820646,7.96045312940498,0.121981782531335
288.25,-1.47,7.51004019145136,-0.204687385998883,7.96287578750997,0.156575254788645
288.75,-1.05,7.50928576255655,-0.186785519015458,7.96563149390225,0.198614024786067
289.25,-1.26,7.50863804507266,-0.16955024264555,7.96875086628345,0.242344808735902
289.75,-0.84,7.50813339428685,-0.151167954260975,7.97212746049263,0.289354388794417
290.25,-1.05,7.50780722758301,-0.133989487170793,7.97566964470203,0.338112309292765
290.75,-0.63,7.50766877863215,-0.118850522838697,7.97930572316574,0.384565972820263
291.25,-0.84,7.50772578519428,-0.105286124753752,7.98289809213999,0.4298361874291
291.75,-0.42,7.50797864467949,-0.0977971369452703,7.98626662631777,0.469253345611883
292.25,-0.63,7.50843699070287,-0.0957343818739516,7.9892145618382,0.501009536658218
292.75,-0.21,7.50908476088184,-0.0990148555975304,7.99153336038891,0.520814289850415
293.25,-0.42,7.50989535314357,-0.108102004886684,7.99307386364731,0.52927841007137
293.75,0,7.51083296180379,-0.122722431564892,7.99374616606135,0.522927308959157
294.25,-0.21,7.51185029126755,-0.139408935855664,7.99355210568273,0.505693827241624
294.75,-0.63,7.51290081914865,-0.161292064920933,7.99257382859218,0.473783352970075
295.25,-1.05,7.51395606534588,-0.184051880529845,7.99097779425211,0.433896344233705
295.75,-0.84,7.51499732191076,-0.204975932710478,7.98895951067376,0.387726002677603
296.25,-1.26,7.51599979935305,-0.224179947297465,7.98671335520771,0.340118739941011
296.75,-1.05,7.51693885609951,-0.244402856645679,7.98439590173799,0.28860182725203
297.25,-1.47,7.51782933297175,-0.261689790762083,7.98213994980218,0.240243052007101
297.75,-1.26,7.51869819424915,-0.273455558211107,7.98002293654902,0.194356887924318
298.25,-1.68,7.51955784269922,-0.283181212662031,7.97807440895026,0.155237399410988
298.75,-1.47,7.52041808424167,-0.289394957784487,7.97628184169001,0.117305012182409
299.25,-1.89,7.52132103822448,-0.29336585356432,7.97465406536633,0.086192755340348
299.75,-1.68,7.52230608420224,-0.296250353085842,7.97321935842785,0.0576024625789461
300.25,-2.1,7.52341245693995,-0.298640033451633,7.97195308833423,0.032349990874408
300.75,-1.89,7.5246863440726,-0.30118326870653,7.97081209506106,0.00836082671636858
301.25,-2.31,7.52615209908252,-0.305722820895176,7.96979435404804,-0.0154558949978828
301.75,-2.1,7.52780706401056,-0.313431132521203,7.9688918575392,-0.0419324296808394
302.25,-2.52,7.52963047644958,-0.323244058423995,7.96810624436105,-0.0686906219710329
302.75,-2.31,7.53160606124608,-0.334898042967362,7.96745511474767,-0.096424249675728
303.25,-2.73,7.53369576000502,-0.348722642869546,7.9669404381277,-0.125620166721879
303.75,-2.52,7.53585068410906,-0.364210027510151,7.96656455610773,-0.15668013693791
304.25,-2.94,7.53802147592343,-0.378403113359906,7.96632831413477,-0.186674041761405
304.75,-2.73,7.540171147798,-0.389675165061596,7.9662316701491,-0.21572465019895
305.25,-3.15,7.54227772108134,-0.400075910021665,7.96627851470769,-0.243802481010508
305.75,-2.94,7.54432478443772,-0.40667208132912,7.96646455395491,-0.269147850743336
306.25,-3.36,7.5463129939064,-0.409723639746413,7.96678462972135,-0.291039589832467
306.75,-3.15,7.54825594264777,-0.408582514482983,7.96723726066127,-0.309285425035198
307.25,-3.57,7.55015032672617,-0.404761236948991,7.96780226404006,-0.324189533970934
307.75,-3.36,7.55200281362012,-0.401208736347825,7.96846608217708,-0.338287692887004
308.25,-3.78,7.55383804632276,-0.395118189768966,7.96923296568046,-0.349736228592511
308.75,-3.57,7.55566710209851,-0.388850866522319,7.97009675217383,-0.358998139876277
309.25,-3.99,7.55748446966444,-0.382331494465899,7.97104116406478,-0.367440468129326
309.75,-3.78,7.55928769078347,-0.376991857374554,7.9720560976511,-0.375110004364399
310.25,-4.2,7.56107632786862,-0.373165011484102,7.97313909927565,-0.383040556921077
310.75,-3.99,7.56283916987884,-0.371256364089058,7.9742829818321,-0.391035957808642
311.25,-4.41,7.56456648498563,-0.37031617356936,7.97547940702419,-0.399180153669809
311.75,-4.2,7.56626365506041,-0.370929125850943,7.97673736860182,-0.407894983051844
312.25,-4.62,7.56794067585368,-0.374304960581614,7.97806928206925,-0.418689656354678
312.75,-4.41,7.56960954212252,-0.379453115442212,7.97948746400647,-0.430907980377181
313.25,-4.83,7.57129172621769,-0.385550755307132,7.98101443060156,-0.444167236469672
313.75,-4.62,7.57300798833733,-0.391889261665326,7.98266789484465,-0.457185496983667
314.25,-5.04,7.57478027961229,-0.3996413066667,7.98445771178291,-0.471398994966713
314.75,-4.83,7.57662554606598,-0.404515716771741,7.98639285940025,-0.482795896599206
315.25,-5.25,7.57855156304114,-0.409026213289835,7.9884731410201,-0.494295251198523
315.75,-5.04,7.58056461961576,-0.412857483247825,7.99069646878607,-0.504500612918487
316.25,-5.46,7.58268126050643,-0.415752052897844,7.99306931896575,-0.513609181908801
316.75,-5.25,7.58491711574081,-0.416640856180928,7.99560094178282,-0.519622064467533
317.25,-5.67,7.58727783527568,-0.417544476573663,7.99829474109547,-0.525334319629095
317.75,-5.46,7.58976670783349,-0.416473116333028,8.00115180291715,-0.527626885542664
318.25,-5.88,7.59237717008542,-0.416118700367014,8.00416523503849,-0.53010351877911
318.75,-5.67,7.59509748517044,-0.414340425417279,8.00732618741685,-0.529844232169935
319.25,-6.09,7.59791462472946,-0.413362306050341,8.01062319034729,-0.52988541665815
319.75,-5.88,7.60080426819341,-0.411737148983377,8.01403465671589,-0.528824951562446
320.25,-6.3,7.60373985434982,-0.409885713835919,8.01753570421059,-0.527444661675935
320.75,-6.09,7.60670981701505,-0.406202285698858,8.02111477921142,-0.524255180170083
321.25,-6.51,7.60971281093071,-0.404948795296651,8.0247673051379,-0.523700917666666
321.75,-6.3,7.61274196520941,-0.402750798596515,8.02848074867374,-0.522278331876495
322.25,-6.72,7.61578958377994,-0.401852211780706,8.0322391385942,-0.522513803331049
322.75,-6.51,7.61886110230859,-0.401469470724063,8.03603817363044,-0.523224187086184
323.25,-6.93,7.62197659506747,-0.403958684540497,8.03988509920223,-0.526771029503474
323.75,-6.72,7.62515652420457,-0.404894003208727,8.04379425835215,-0.528288372963926
324.25,-7.14,7.62833296027722,-0.407093133193386,8.04767378664283,-0.531311822926334
324.75,-6.93,7.63143026288055,-0.410645505146413,8.05142237310485,-0.535292569040313
325.25,-7.35,7.63440702497515,-0.411667421164999,8.05498439418812,-0.536010477267987
325.75,-7.14,7.63717863365779,-0.412204055637491,8.05824817505051,-0.536661294158255
326.25,-7.56,7.63962554376845,-0.410611083511683,8.06106876730376,-0.534856613641283
326.75,-7.35,7.64161886763481,-0.409009939348761,8.06328985327325,-0.532971259550904
327.25,-7.77,7.64304455379926,-0.404944581174275,8.06477062576073,-0.528569527220337
327.75,-7.56,7.64380442567534,-0.401294041517453,8.06539581058261,-0.525026604922492
328.25,-7.98,7.64385482027715,-0.396549491890745,8.06511192477598,-0.519750385908908
328.75,-7.77,7.6432126070133,-0.391648260877283,8.06394226827088,-0.515429379652539
329.25,-7.35,7.64193690504962,-0.385772360432686,8.06197008020909,-0.509960269784737
329.75,-6.93,7.64012966344269,-0.382040010800163,8.05932935413205,-0.506925915460778
330.25,-7.14,7.6379125677154,-0.37727781458814,8.05617747389443,-0.502480215054299
330.75,-6.72,7.63541144897285,-0.375193818680833,8.05267534768255,-0.500580445080708
331.25,-6.93,7.63273719120798,-0.37211763013228,8.04896358566537,-0.497217453855861
331.75,-6.51,7.62997581575893,-0.370731089670268,8.04515009511503,-0.495339637943242
332.25,-6.72,7.62718498957426,-0.368713227566642,8.04130550901249,-0.492239385746364
332.75,-6.3,7.62438390100494,-0.367617297000112,8.0374590073626,-0.490227399394073
333.25,-6.51,7.62156638891423,-0.363195072474419,8.03361123071492,-0.484858504229485
333.75,-6.09,7.61873583689836,-0.36033607398101,8.02976932381572,-0.481399715252491
334.25,-6.3,7.61592924271914,-0.357767986162167,8.02597683829778,-0.477214206775806
334.75,-5.88,7.61314796083427,-0.35503002123499,8.02224050611283,-0.472729571971161
335.25,-6.09,7.61036585630438,-0.352009352550947,8.0185305663734,-0.467368191542605
335.75,-5.67,7.60758991690693,-0.350716972796853,8.0148574082919,-0.462522279945007
336.25,-5.88,7.60484327897636,-0.350867495373963,8.01124500320576,-0.458095723997823
336.75,-5.46,7.60214585924272,-0.351023680524446,8.00771723063877,-0.45242924354552
337.25,-5.67,7.59950406482466,-0.351200934360733,8.00428536947659,-0.445730324822277
337.75,-5.25,7.59692486530691,-0.351725717352907,8.00096306330527,-0.438475954542558
338.25,-5.46,7.59439950508682,-0.350162381083391,7.99775103472672,-0.429187768073337
338.75,-5.04,7.59191297154811,-0.349726617895125,7.99464190145264,-0.420370732539092
339.25,-5.25,7.58945335454,-0.346646257512504,7.99162533717902,-0.408850808169449
339.75,-4.83,7.587012740734,-0.34167174991795,7.98870151992816,-0.395593784743743
340.25,-5.04,7.58458548253331,-0.337228460215802,7.98586679509194,-0.383155704147687
340.75,-4.62,7.5821605601012,-0.329946661089474,7.98311089395596,-0.367749393463516
341.25,-4.83,7.57973428509579,-0.3225560492597,7.98042647188364,-0.351899235182018
341.75,-4.41,7.57731485412675,-0.315147492424763,7.97782192303457,-0.335048229252904
342.25,-4.62,7.57491608446098,-0.307703411318934,7.97531114602129,-0.317824641769813
342.75,-4.2,7.57254958949478,-0.303439747136329,7.97291151387914,-0.301651050219804
343.25,-4.41,7.57023457522788,-0.301280228442917,7.9706486283189,-0.287222723113583
343.75,-3.99,7.56798900815782,-0.300322074196092,7.96854889760442,-0.272558070779449
344.25,-4.2,7.56581309243091,-0.301110180823459,7.96662172966997,-0.259151599759518
344.75,-3.78,7.56369617822814,-0.30415779860227,7.96486874885836,-0.247142424868154
345.25,-3.99,7.56162193334421,-0.308296220895321,7.96328318219129,-0.236404574456061
345.75,-3.57,7.55956415697197,-0.312181509444513,7.96184632429375,-0.225028009344262
346.25,-3.78,7.55750098830323,-0.316551004146963,7.96053551779457,-0.214556354177175
346.75,-3.36,7.55541772271659,-0.321415021747681,7.95932708353472,-0.204729791496845
347.25,-3.57,7.5533186628283,-0.327116093479418,7.95821409823422,-0.196359709219539
347.75,-3.15,7.55122437622455,-0.331585529232092,7.95720261988903,-0.186833846827469
348.25,-3.36,7.54914869210829,-0.336501022524924,7.95629385023379,-0.17949108880985
348.75,-2.94,7.5471097842015,-0.34030030357634,7.95549729989837,-0.171127648566764
349.25,-3.15,7.54513267742541,-0.346186528796985,7.95482840484609,-0.16677521024596
349.75,-2.73,7.54323081464808,-0.349949098995399,7.95429278202668,-0.161404662194133
350.25,-2.94,7.54140265210742,-0.350835988167999,7.95389111454279,-0.155720105698342
350.75,-2.52,7.53965047768044,-0.351565356167153,7.95363565192562,-0.150051539381106
351.25,-2.73,7.53797953243235,-0.350181628907875,7.95353873709181,-0.144429473296535
351.75,-2.31,7.53638572868679,-0.346755452472403,7.9536001286825,-0.136714702703226
352.25,-2.52,7.53485901566037,-0.34254328143449,7.95381392501963,-0.128605406129921
352.75,-2.1,7.53338799992094,-0.33609830587608,7.95417094498089,-0.117668017432065
353.25,-2.31,7.53195299651368,-0.331007353531046,7.95465193448772,-0.107524332694641
353.75,-1.89,7.53052709329986,-0.326421256182767,7.95523763466285,-0.0956567776382647
354.25,-2.1,7.5290890294283,-0.321554709667276,7.95590941930647,-0.0840658628798189
354.75,-1.68,7.52765170924248,-0.316407075236662,7.95667782396545,-0.0696911273232422
355.25,-1.89,7.52622658975774,-0.313307629330667,7.95755278164263,-0.0572693140263415
355.75,-1.47,7.52482898650208,-0.308631305991593,7.95855713715512,-0.0410700440997447
356.25,-1.68,7.52348420533956,-0.304388863493044,7.9597201645428,-0.0248480545906558
356.75,-1.26,7.52222591115517,-0.297445247315443,7.96109303199138,-0.0031627628357565
357.25,-1.47,7.52107570814084,-0.287624328377232,7.96271386699141,0.0207604395656598
357.75,-1.05,7.52006448430252,-0.275047598545075,7.96464043506805,0.0516854009318074
358.25,-1.26,7.51923043095424,-0.261849641325348,7.9669270397331,0.0837027651686728
358.75,-0.84,7.51859993693268,-0.245420274624491,7.96951341611362,0.120255594249745
359.25,-1.05,7.51816332985423,-0.225481008840655,7.97231722712836,0.161488283347098
359.75,-0.63,7.51789625632782,-0.208654403253782,7.97527590919015,0.201017262188139
360.25,-0.84,7.51781105202502,-0.193406282676728,7.97828265784627,0.239677101496914
360.75,-0.42,7.51789681815399,-0.17775724880053,7.9811753645666,0.275463753893564
361.25,-0.63,7.5181230371476,-0.165739504387861,7.98377475220836,0.306640505006494
361.75,-0.21,7.51846418836715,-0.157547584668393,7.98590363768016,0.329676650161387
362.25,-0.42,7.51891389873219,-0.154158681626188,7.98743334524251,0.344383796378011
362.75,0,7.51946340625108,-0.156216126558983,7.98828145462895,0.348624794226022
363.25,-0.21,7.52012513297599,-0.163650881510689,7.98844628333976,0.343933946678972
363.75,-0.63,7.52092720351431,-0.173797641274839,7.98800249481889,0.330016219956755
364.25,-1.05,7.52189482585126,-0.189640120573507,7.98708920409563,0.308216904783089
364.75,-0.84,7.52304269879844,-0.207288769162593,7.98586129422657,0.279000384428176
365.25,-1.26,7.52439510312282,-0.226528090637776,7.98450256676438,0.246161324564761
365.75,-1.05,7.52595590217334,-0.248945045691577,7.98315697237962,0.20753257175188
366.25,-1.47,7.52771507154272,-0.269122012951492,7.98193295619696,0.169725799802263
366.75,-1.26,7.52966723591138,-0.287926244787131,7.98090123020033,0.130423761368385
367.25,-1.68,7.53178679271416,-0.305612937244365,7.98009126465518,0.0931103383146058
367.75,-1.47,7.53401952172659,-0.321863818929067,7.97948376488614,0.0541499550440581
368.25,-1.89,7.53631118726327,-0.334557976357996,7.97905266735316,0.0200676606920865
368.75,-1.68,7.53860030996161,-0.34789028897856,7.97878252093408,-0.0154807183087948
369.25,-2.1,7.54083148780999,-0.357648043919719,7.97861963372401,-0.0469510590177237
369.75,-1.89,7.54296342136757,-0.364881033475441,7.97849130965098,-0.07605231665979
370.25,-2.31,7.54496020473475,-0.371630507757016,7.9783599594797,-0.10249230596996
370.75,-2.1,7.54680977278083,-0.377548242380893,7.97820228743242,-0.12653985769411
371.25,-2.52,7.54851748808541,-0.382304458639743,7.9780036507405,-0.147568203502319
371.75,-2.31,7.55010673079054,-0.385691889470258,7.97776903242273,-0.165981168993672
372.25,-2.73,7.55160365032002,-0.38852857267237,7.9775128273782,-0.182320064699228
372.75,-2.52,7.5530428041497,-0.391911835396348,7.97725979140425,-0.198372614870101
373.25,-2.94,7.55447061288411,-0.394749620093597,7.97705315158706,-0.213126671481868
373.75,-2.73,7.55593816462035,-0.396589437995465,7.97694076281752,-0.226633255530731
374.25,-3.15,7.55748817083063,-0.397649181089164,7.97696392154711,-0.239463749336279
374.75,-2.94,7.55913920667427,-0.400496006672902,7.97714851599409,-0.253620361350632
375.25,-3.36,7.56089257293647,-0.401563022455842,7.97750233891924,-0.266635497112923
375.75,-3.15,7.5627375199491,-0.405618876390238,7.97802339653432,-0.282769455956764
376.25,-3.57,7.56465308005582,-0.411105603131332,7.97870066076704,-0.299836312212968
376.75,-3.36,7.56660578763289,-0.418584196944993,7.97951180791116,-0.31833447931129
377.25,-3.78,7.5685586407951,-0.426851154256303,7.98042985935985,-0.337691908604757
377.75,-3.57,7.5704777577159,-0.437029868473406,7.98142213022189,-0.358415171130012
378.25,-3.99,7.57233321064348,-0.447710490703702,7.98246102097679,-0.379358473402639
378.75,-3.78,7.5741118441507,-0.457652055021777,7.98352933715481,-0.399794647609714
379.25,-4.2,7.57581437265743,-0.467680083437445,7.98462248156163,-0.420199036042116
379.75,-3.99,7.57746214889115,-0.472528564506457,7.98575244359089,-0.436875785394848
380.25,-4.41,7.57908154234728,-0.475284419146505,7.98693431010857,-0.452167021936661
380.75,-4.2,7.58070978877807,-0.47427198251993,7.98819348886672,-0.464685879165263
381.25,-4.62,7.58239381480705,-0.469753562386864,7.98956248750994,-0.474754985573126
381.75,-4.41,7.58416615813408,-0.462974704055809,7.99106607206755,-0.482308122807584
382.25,-4.83,7.58606882850158,-0.454903302661457,7.99274312176906,-0.489305984594847
382.75,-4.62,7.58812565541173,-0.445826794365817,7.99461484516183,-0.494574026150754
383.25,-5.04,7.5903190339807,-0.436972457183693,7.99666917196587,-0.498963637556433
383.75,-4.83,7.59263904866928,-0.430082373368324,7.9989053131144,-0.50374266906935
384.25,-5.25,7.59507506839545,-0.426238352128548,8.00132135420516,-0.509849262943948
384.75,-5.04,7.59760375330247,-0.423954800124425,8.00390506698576,-0.515963793527389
385.25,-5.46,7.60019551913088,-0.425315992620072,8.00663346626551,-0.524258950625256
385.75,-5.25,7.60282339575248,-0.425996176832575,8.00948352449725,-0.530997603183444
386.25,-5.67,7.60546065804239,-0.427730933155801,8.01242437685267,-0.538185848090697
386.75,-5.46,7.60809363017802,-0.427258363878544,8.01543109829568,-0.542778807468999
387.25,-5.88,7.6107251072235,-0.425884522125324,8.01849007987103,-0.545716738431978
387.75,-5.67,7.61336528773774,-0.420328337444986,8.02159578140921,-0.5438559855357
388.25,-6.09,7.61602318073883,-0.414703079841125,8.02474021441145,-0.541000437259508
388.75,-5.88,7.61870459260028,-0.407483334045333,8.02791957276155,-0.534987503191754
389.25,-6.3,7.6214096984062,-0.399611547551753,8.03112562987917,-0.5277038382011
389.75,-6.09,7.62414126361205,-0.391529312949347,8.03435776514997,-0.518871570532188
390.25,-6.51,7.62690540433394,-0.383577746799562,8.03762073836551,-0.509932510603708
390.75,-6.3,7.62969845613238,-0.375319984635913,8.04090984906882,-0.50037024668618
391.25,-6.72,7.63252152899222,-0.369234352645936,8.04422822781793,-0.492694470107358
391.75,-6.51,7.63535961199431,-0.364671579686864,8.04756554341544,-0.486145070087137
392.25,-6.93,7.63820966863952,-0.36327550410797,8.05091989513775,-0.482535385670595
392.75,-6.72,7.64109048566244,-0.36193914240087,8.05431542497719,-0.478476535674094
393.25,-7.14,7.64392689748944,-0.366198043822209,8.05765875982899,-0.480639504409192
393.75,-6.93,7.64663621629691,-0.374111986056688,8.0608425959273,-0.486637022834892
394.25,-7.35,7.649193328414,-0.384555803419271,8.06383005876661,-0.494958259052281
394.75,-7.14,7.6515218527257,-0.398879147171375,8.06652184817482,-0.507341794413965
395.25,-7.56,7.65350879313679,-0.412360110070292,8.0687799060197,-0.519545274645137
395.75,-7.35,7.65503566166017,-0.427232701276088,8.07045503248442,-0.533763592822529
396.25,-7.77,7.65597771898625,-0.43763957959949,8.07139423207977,-0.543680401242046
396.75,-7.56,7.65622527604105,-0.44661114617734,8.07147061011188,-0.553272412739306
397.25,-7.98,7.65571347507108,-0.448243017123538,8.07061371575958,-0.556161631149289
397.75,-7.77,7.65444175326685,-0.446082859104983,8.06882837579782,-0.556198373800185
398.25,-7.35,7.65245564482553,-0.434407808930982,8.06617729716314,-0.546643951144118
398.75,-6.93,7.64985048635114,-0.420510312223388,8.06278163350299,-0.535427075435011
399.25,-7.14,7.64677332127671,-0.403676264417382,8.05882307631001,-0.521370159044852
399.75,-6.72,7.64337852900845,-0.384001025863124,8.05448614561934,-0.504243461292252
400.25,-6.93,7.63980659444885,-0.364338605483152,8.04993387440212,-0.486752796557028
400.75,-6.51,7.6361695293661,-0.347763512874601,8.04530389602772,-0.47170177921256
401.25,-6.72,7.63256142783971,-0.333805145064731,8.04070272763535,-0.458697962787708
401.75,-6.3,7.62906389900093,-0.325016550350417,8.03621991702848,-0.450961300425565
402.25,-6.51,7.6257150546323,-0.319622232365822,8.03190613911081,-0.445880915654808
402.75,-6.09,7.62253951719839,-0.321292147991719,8.02779441264458,-0.447304797883482
403.25,-6.3,7.61958112648741,-0.325308090481441,8.02393997668472,-0.449355684829706
403.75,-5.88,7.61683068543545,-0.331779150574019,8.02034361458205,-0.452503232028497
404.25,-6.09,7.61423640312908,-0.339992451580326,8.01694809103653,-0.456006826954701
404.75,-5.67,7.61176364839088,-0.347930196681442,8.01371912355713,-0.457904322242422
405.25,-5.88,7.60938223839818,-0.355144808122133,8.01062404276586,-0.457396707763586
405.75,-5.46,7.60706163420802,-0.359994431455323,8.00763354971659,-0.453826195452246
406.25,-5.67,7.60479104269592,-0.365731490701277,8.00473419692483,-0.45015118870508
406.75,-5.25,7.6025638693913,-0.369237842060917,8.00191731798217,-0.443595431520591
407.25,-5.46,7.60035884294501,-0.370939090769558,7.99916457794627,-0.435336574506575
407.75,-5.04,7.59818057032764,-0.372483082308252,7.9964829373375,-0.426330621186817
408.25,-5.25,7.5960472947311,-0.375957155327296,7.99389166737027,-0.419458118130778
408.75,-4.83,7.59395632435938,-0.37668490781635,7.99139485529821,-0.409583945176676
409.25,-5.04,7.59189979641368,-0.376971817792836,7.98898598503681,-0.39948311506642
409.75,-4.62,7.58987847537985,-0.375717269027666,7.98667495043664,-0.388421639389211
410.25,-4.83,7.58789941854187,-0.372643755543498,7.98447353877066,-0.375821367376246
410.75,-4.41,7.58597084861779,-0.368015671243704,7.98239259317512,-0.362083594734793
411.25,-4.62,7.58409389555536,-0.362514288047276,7.98044188391378,-0.347878929965936
411.75,-4.2,7.58227139620385,-0.357593822945319,7.97863233241247,-0.332903543351925
412.25,-4.41,7.580508709876,-0.354193918085114,7.97697170867185,-0.31929350699381
412.75,-3.99,7.57880180357545,-0.351437589153241,7.97545974630292,-0.305212105401548
413.25,-4.2,7.57713836997463,-0.350542786454032,7.97408627669277,-0.292573410412598
413.75,-3.78,7.57550400094521,-0.350601631053897,7.97283933080271,-0.280322433716952
414.25,-3.99,7.57386878810952,-0.348577556830319,7.97169809250769,-0.267535872705445
414.75,-3.57,7.57221131134882,-0.347186884733455,7.97064764678412,-0.254941409284825
415.25,-3.78,7.57051789492311,-0.344093261215012,7.96967439712546,-0.242353359503691
415.75,-3.36,7.56877434042078,-0.339377645524987,7.96876588452688,-0.228528590398436
416.25,-3.57,7.5669675909479,-0.331211274974719,7.96791233666216,-0.213751206630157
416.75,-3.15,7.56507982329288,-0.324134987498776,7.96709681501076,-0.199753118294509
417.25,-3.36,7.56313357024761,-0.320767946500323,7.96633596061049,-0.190426611941966
417.75,-2.94,7.5611440857464,-0.315128631618539,7.96564334979957,-0.178668507055745
418.25,-3.15,7.55911165539568,-0.312603555410245,7.96501493646557,-0.170296925621477
418.75,-2.73,7.55706123685874,-0.313922102294033,7.96447148382746,-0.164407326611608
419.25,-2.94,7.55501163065631,-0.318057516023685,7.96402879613181,-0.161682187792346
419.75,-2.52,7.55299478744574,-0.326178214156075,7.96371704474076,-0.160389147708187
420.25,-2.73,7.55105202816897,-0.337205093608374,7.96357024536702,-0.161387693826471
420.75,-2.31,7.54921376604366,-0.347636929700563,7.96361000817433,-0.160145897794212
421.25,-2.52,7.54748249303572,-0.353273798604717,7.96383829152433,-0.154393194774734
421.75,-2.1,7.54585593126518,-0.35549231784843,7.96426336127269,-0.142896744160185
422.25,-2.31,7.54433155677674,-0.353034142541534,7.96488659762906,-0.126949252104237
422.75,-1.89,7.54289575852489,-0.343660316173291,7.96569805019101,-0.103193929662922
423.25,-2.1,7.54152251999778,-0.330039153041559,7.96667634352465,-0.0755001417332667
423.75,-1.68,7.54019596346022,-0.312391889037934,7.96780975720945,-0.0429604772389771
424.25,-1.89,7.53891171936344,-0.294584801264091,7.96909358846247,-0.010829139252374
424.75,-1.47,7.53767533945864,-0.274874479470415,7.97054049369532,0.0243635288489916
425.25,-1.68,7.53648926441525,-0.254577744936482,7.97215640277885,0.0585348972012737
425.75,-1.26,7.53538670383084,-0.234533605392155,7.9739935803998,0.0960467643928716
426.25,-1.47,7.53441352661969,-0.217405147767244,7.97610502097284,0.130064521908683
426.75,-1.05,7.53360175725952,-0.19796386642412,7.97854847177548,0.169994653190513
427.25,-1.26,7.5329663323096,-0.178560659276912,7.98133271114714,0.211725100802831
427.75,-0.84,7.53251077317152,-0.162096672325388,7.98442878965117,0.253444044930509
428.25,-1.05,7.53223863325305,-0.144661550203403,7.98781934118258,0.298752717525786
428.75,-0.63,7.53214041712091,-0.129637405970246,7.99144473799211,0.345954699881825
429.25,-0.84,7.5322178483816,-0.119099659930324,7.99521020711846,0.391704392121591
429.75,-0.42,7.53245659437225,-0.111166244767702,7.99895859135008,0.433796726086882
430.25,-0.63,7.53284154437807,-0.108984116963498,8.00251815564394,0.471440033344487
430.75,-0.21,7.53335672867118,-0.113331390453627,8.00570414687902,0.499728350763842
431.25,-0.42,7.53398227310006,-0.121521241462446,8.00834779937365,0.519544436311182
431.75,0,7.53470989070922,-0.131379930376106,8.01031415443977,0.529556151040161
432.25,-0.42,7.53553712443365,-0.144183793329265,8.0115373443362,0.530399136802898
432.75,-0.21,7.53645336770555,-0.158324882854123,8.0120070511054,0.520287820048282
433.25,-0.63,7.5374515296974,-0.171291182973862,8.0117890337665,0.503202183302793
433.75,-0.42,7.53850828617178,-0.185603272705795,8.01097205762267,0.476610386541554
434.25,-0.84,7.53960716791641,-0.197279912767463,8.00968866945115,0.446367103982971
434.75,-0.63,7.54072007040368,-0.210856668859097,8.00806645680566,0.408918365852979
435.25,-1.05,7.54182372693732,-0.223717092543528,8.0062345979205,0.369366726068162
435.75,-0.84,7.54289290233552,-0.237568282219906,8.00428926068904,0.324855708438221
436.25,-1.26,7.54391449578526,-0.252753204424283,8.00232131892506,0.280400918748374
436.75,-1.05,7.54489361736367,-0.269698825812183,8.0004020012921,0.232336730055831
437.25,-1.47,7.54584979813815,-0.289463717614914,7.998595363781,0.185235010025516
437.75,-1.26,7.54679891660035,-0.311917353212866,7.99693144749322,0.135973262174996
438.25,-1.68,7.54775647002812,-0.333075981727084,7.99541687959621,0.0903787490475439
438.75,-1.47,7.54876019676335,-0.353592945076362,7.99406392563301,0.0474087230113818
439.25,-1.89,7.54985025370748,-0.372605238127989,7.99287944173522,0.00887522847607619
439.75,-1.68,7.551065377596,-0.388766019304844,7.99187115228011,-0.0245618633984973
440.25,-2.1,7.55242426418942,-0.402106472679338,7.99102826572344,-0.0535635581381955
440.75,-1.89,7.55392777544226,-0.413373727067511,7.9903353307282,-0.0791919390043417
441.25,-2.31,7.55556141162528,-0.421665396181751,7.98977923103809,-0.100152111236319
441.75,-2.1,7.55729303742851,-0.427825575330431,7.98933955210072,-0.119089289390244
442.25,-2.52,7.55908221618737,-0.429409570547892,7.98899883017028,-0.133252300844782
442.75,-2.31,7.56089621663692,-0.430081835882004,7.98874252971788,-0.146487979474665
443.25,-2.73,7.5627043270322,-0.428018850473929,7.98855096828732,-0.157385633817486
443.75,-2.52,7.56448230845803,-0.423795270747041,7.9884082943114,-0.168058656731757
444.25,-2.94,7.56621468688141,-0.420754206645614,7.98829918178639,-0.180261400688495
444.75,-2.73,7.56789846231199,-0.414698777846385,7.98822024986564,-0.191855022043215
445.25,-3.15,7.56952769490834,-0.410255290641498,7.98816553994459,-0.205407285838382
445.75,-2.94,7.57110527431851,-0.406261147043235,7.98813930818349,-0.220060436410818
446.25,-3.36,7.57265982758876,-0.402458587903438,7.98817124580791,-0.235108981435498
446.75,-3.15,7.57423668583858,-0.398131740970935,7.98830154843914,-0.249043108919546
447.25,-3.57,7.57588121779403,-0.39425148103693,7.98857815426644,-0.262647906219523
447.75,-3.36,7.57763570368542,-0.3906999787716,7.98904150689041,-0.274531200249098
448.25,-3.78,7.57952288129181,-0.388547608503013,7.98971125262471,-0.286331248868275
448.75,-3.57,7.58153857661128,-0.387673168694863,7.99058916158908,-0.298550081895129
449.25,-3.99,7.58365111011102,-0.385746844285873,7.99165484360429,-0.308833064630774
449.75,-3.78,7.58582455713673,-0.386054884731558,7.99287916092752,-0.321072185514972
450.25,-4.2,7.58802805385291,-0.386864995560059,7.99423821130351,-0.333982934439518
450.75,-3.99,7.59021324469181,-0.388260999014352,7.99568933357145,-0.34734941516389
451.25,-4.41,7.59233842067903,-0.390794102626626,7.99719101521837,-0.362072125687138
451.75,-4.2,7.59437362444489,-0.392544302769175,7.99871123445314,-0.376094112771669
452.25,-4.62,7.59631036774228,-0.395838664148531,8.00023492583421,-0.391487238133904
452.75,-4.41,7.59815573293798,-0.398896293354813,8.0017614697126,-0.406249055458833
453.25,-4.83,7.59994365399532,-0.404183281961298,8.00331804717157,-0.422838480844065
453.75,-4.62,7.60172097941333,-0.410260738211677,8.00493938264925,-0.440150799797268
454.25,-5.04,7.60353845152974,-0.41790147434099,8.00666566133731,-0.458819403735826
454.75,-4.83,7.60545884859361,-0.42603379961408,8.00855299057432,-0.477380399643884
455.25,-5.25,7.60753813867419,-0.435861757500541,8.01065098504924,-0.498058492365128
455.75,-5.04,7.60981496880722,-0.443769219784791,8.01299580537127,-0.51643293505734
456.25,-5.46,7.61229862535726,-0.451840577572392,8.01559557667903,-0.534801836167192
456.75,-5.25,7.61497883134828,-0.459109975794348,8.01844293500237,-0.551559172799105
457.25,-5.67,7.61783281017357,-0.462676284340169,8.02151745736546,-0.563966336949042
457.75,-5.46,7.62083113273935,-0.464210739434783,8.02479286896008,-0.572930748137452
458.25,-5.88,7.6239438387629,-0.464385328098774,8.02824193406639,-0.579181060229239
458.75,-5.67,7.62712959792815,-0.461395904666403,8.03182336503582,-0.58091056225085
459.25,-6.09,7.63033746386873,-0.458407842806916,8.0354832118694,-0.581267504954961
459.75,-5.88,7.63352004171366,-0.453909422801966,8.03917001462831,-0.579278659213234
460.25,-6.3,7.63664467707528,-0.450874450002355,8.04283811838498,-0.577878070484636
460.75,-6.09,7.63970080544155,-0.446682950133011,8.04646590298029,-0.575175868340355
461.25,-6.51,7.64268581938023,-0.444231992893651,8.0500407587007,-0.574146827510517
461.75,-6.3,7.64561537948988,-0.440706513534563,8.05356648141461,-0.571820290300666
462.25,-6.72,7.6485241919361,-0.438218051077942,8.05706382478982,-0.570216022005603
462.75,-6.51,7.65145075062179,-0.4341057146133,8.06056049406941,-0.566746360260618
463.25,-6.93,7.65442944444216,-0.430481938282264,8.06408456588335,-0.56308608850969
463.75,-6.72,7.65747195678819,-0.426604811036885,8.06764374365817,-0.558209882875851
464.25,-7.14,7.66056279963543,-0.423267114518465,8.07121236726971,-0.553321422446625
464.75,-6.93,7.66366954210363,-0.421422744521331,8.07475048921551,-0.54977607802751
465.25,-7.35,7.66672782445822,-0.418418898426595,8.07818907801975,-0.544718557584369
465.75,-7.14,7.66965257131599,-0.418217488652862,8.08143335908429,-0.542766392921266
466.25,-7.56,7.67234715672682,-0.41851577296428,8.08437474231568,-0.541031153334363
466.75,-7.35,7.67469671334594,-0.419640177059734,8.08688440050902,-0.540523595699334
467.25,-7.77,7.6765873888057,-0.420585531931789,8.08883207696856,-0.53960729515858
467.75,-7.56,7.67792756209733,-0.421279841810487,8.09011171449885,-0.538983559710611
468.25,-7.98,7.67865369919456,-0.420469420547537,8.09064976965046,-0.536815962083589
468.75,-7.56,7.67875015430513,-0.41974310927347,8.09042737533816,-0.535200884746131
469.25,-7.77,7.67824854629379,-0.417905733554358,8.08947962129751,-0.53275008414041
469.75,-7.35,7.6772102119372,-0.415872013209124,8.08787728801489,-0.530641743063825
470.25,-7.56,7.67570977014095,-0.410981087058815,8.08571206307422,-0.526141852045242
470.75,-7.14,7.67382862404159,-0.408785055178185,8.08308311179889,-0.52467939856907
471.25,-7.35,7.67166015734773,-0.404926849221185,8.0801017050016,-0.521538288307093
471.75,-6.93,7.66928050102155,-0.402247404379747,8.07686412973706,-0.519898885203972
472.25,-7.14,7.666744639737,-0.399084124526381,8.0734433243371,-0.517880768674263
472.75,-6.72,7.66409155165204,-0.397735677802995,8.06989296321516,-0.517502799358247
473.25,-6.93,7.66134070419104,-0.395955302936061,8.06624315020505,-0.516639308547817
473.75,-6.51,7.658509311089,-0.397118296999644,8.06252164999229,-0.518482323961014
474.25,-6.72,7.65560342834227,-0.397428189487995,8.05874244339887,-0.51898569636306
474.75,-6.3,7.65261895240469,-0.401091116926842,8.05490693897892,-0.522187489724738
475.25,-6.51,7.64956067825329,-0.404126034177359,8.05102022849749,-0.523692426368187
475.75,-6.09,7.64644782406356,-0.405903525830449,8.04710197267765,-0.523669996830773
476.25,-6.3,7.64330047305368,-0.408121087575669,8.04317227398888,-0.523186960298205
476.75,-5.88,7.64013525762665,-0.40807495319238,8.0392476669009,-0.519633159722545
477.25,-6.09,7.63697150205339,-0.406661050953045,8.03534459120307,-0.513916936526032
477.75,-5.67,7.63382531122076,-0.404548544239969,8.03147999088825,-0.506374607739705
478.25,-5.88,7.63072006636965,-0.400884619212201,8.02767419426929,-0.49642323633616
478.75,-5.46,7.62769197411628,-0.397189011699779,8.02396356962469,-0.485803637193533
479.25,-5.67,7.62477281020733,-0.394691260164263,8.02038205363962,-0.47560990109975
479.75,-5.25,7.6219787480477,-0.393395108165365,8.01695435467794,-0.465915544492135
480.25,-5.46,7.61932345342153,-0.394815859654036,8.01370090530935,-0.458149079528144
480.75,-5.04,7.6168025742431,-0.39605170916697,8.01062888589528,-0.449510280262129
481.25,-5.25,7.61439248842324,-0.399257842081151,8.0077245067136,-0.442171193404132
481.75,-4.83,7.6120788771743,-0.402219173341614,8.0049792345898,-0.434121695944662
482.25,-5.04,7.60984324255011,-0.406004029741174,8.00237897736733,-0.426288692292243
482.75,-4.62,7.6076662795386,-0.410271881247027,7.99991346953756,-0.418154736538982
483.25,-4.83,7.60554328289372,-0.4152099147941,7.99758063349326,-0.410710448305059
483.75,-4.41,7.60348758495446,-0.417643188525539,7.99539322757198,-0.400813985501406
484.25,-4.62,7.60150281038057,-0.419932874619094,7.99335748791525,-0.391516569992828
484.75,-4.2,7.59958061268309,-0.420221841607913,7.99147063924549,-0.380130760585452
485.25,-4.41,7.59771958187678,-0.419531776312142,7.98973299675252,-0.368500087996322
485.75,-3.99,7.59591396283839,-0.416359446923988,7.98813902196772,-0.354890469859974
486.25,-4.2,7.59414240341396,-0.408272997760733,7.98667069213894,-0.337803263719363
486.75,-3.78,7.59239221074884,-0.400005230869531,7.98531954903948,-0.320456771816685
487.25,-3.99,7.59065350203109,-0.390238267866024,7.98407373440376,-0.302503111984791
487.75,-3.57,7.58891153976856,-0.378636581649704,7.98291643579525,-0.2828001140038
488.25,-3.78,7.58714661874569,-0.366901882946505,7.98182839943182,-0.264229651438469
488.75,-3.36,7.58534142152656,-0.354668101281373,7.98079422036871,-0.244262935763326
489.25,-3.57,7.58349787081637,-0.343763196980618,7.9798135902333,-0.226362844349771
489.75,-3.15,7.58163251678756,-0.33298823100375,7.97890353434129,-0.207844765902617
490.25,-3.36,7.57976775425262,-0.325074898151867,7.97808928637058,-0.192365250490601
490.75,-2.94,7.57793707177599,-0.318680058276772,7.97740187631938,-0.177890149590039
491.25,-3.15,7.57617539087836,-0.315286459631178,7.97687872142817,-0.16685590620167
491.75,-2.73,7.57450571723423,-0.31491215178492,7.97654704130317,-0.157489021111376
492.25,-2.94,7.57295436473036,-0.317014424774045,7.97642452274166,-0.150796146272376
492.75,-2.52,7.57154218883303,-0.319981294818954,7.97652241897693,-0.144513347876401
493.25,-2.73,7.57026093999938,-0.323819899416905,7.97682324204555,-0.139399493693924
493.75,-2.31,7.56908356466022,-0.328747503049578,7.97729175050627,-0.134788638141056
494.25,-2.52,7.56797888705876,-0.331342887681733,7.97788885833561,-0.1286692103292
494.75,-2.1,7.56690299501696,-0.333717248614906,7.9785702010972,-0.12123950855011
495.25,-2.31,7.56581826614148,-0.336105408708772,7.97929933412195,-0.113933834627882
495.75,-1.89,7.56469858666282,-0.335625447059175,7.98005181160577,-0.102828616189929
496.25,-2.1,7.56352058168818,-0.335551531039804,7.98081212135724,-0.0926736166322374
496.75,-1.68,7.56227732765842,-0.332440475298959,7.98157773061415,-0.0791525494290059
497.25,-1.89,7.56096708609817,-0.328697535135752,7.98235492238128,-0.0664732538027412
497.75,-1.47,7.55961705674823,-0.323854508967246,7.98318148933726,-0.0520081342442927
498.25,-1.68,7.55825890384407,-0.316789056102228,7.98409299374985,-0.0382170464615133
498.75,-1.26,7.55692725181235,-0.308475279351686,7.98513833683609,-0.0224142710841252
499.25,-1.47,7.55566850678855,-0.298757311057222,7.98636708205387,-0.00673263770572296
499.75,-1.05,7.55452732964866,-0.284943510861491,7.98783295752942,0.0137367917868119
500.25,-1.26,7.55352173363278,-0.266569848891314,7.98965171939294,0.0492121546838924
500.75,-0.84,7.5526560005685,-0.244180248022588,7.9918508239959,0.0844418648402056
501.25,-1.05,7.55192326813819,-0.219516669866913,7.99444309926924,0.13042554085804
501.75,-0.63,7.55131798940018,-0.193000366594127,7.99743458495996,0.185296148714605
502.25,-0.84,7.55082821407659,-0.164036201542056,8.00081584021492,0.247358224887924
502.75,-0.42,7.55045040751,-0.138447133098565,8.00454559972167,0.314268610361244
503.25,-0.63,7.55016747644291,-0.114887221981498,8.00853991631273,0.382285334513383
503.75,-0.21,7.54996665034442,-0.0931741237661191,8.01265513133927,0.452296666729102
504.25,-0.42,7.54985315894138,-0.0749331964136106,8.0167356174054,0.517460554531289
504.75,0,7.54982980030079,-0.0621044979885032,8.02062156365695,0.57171416795716
505.25,0.21,7.54989919778676,-0.0519571769605922,8.02413834151551,0.617957296787098
505.75,0,7.55005902181945,-0.0490115302433963,8.02715460266866,0.65086805932536
506.25,0.21,7.55030677469198,-0.0498580204460574,8.02960203155337,0.674902623851882
506.75,0,7.55065675462632,-0.0574170200196699,8.03148937421234,0.686271439285607
507.25,0.21,7.55111898161055,-0.0641816317659605,8.0328889544124,0.691990526825797
507.75,0,7.55167867262731,-0.071085329917881,8.03390406432561,0.688925192448631
508.25,0.21,7.55232541267099,-0.0788967856061005,8.03466723943414,0.680933749336706
